site_ind,in_bed,chrom,pos,ls_hmm_pred_genotype,ref,alt,genotype
0,0,chr20,61540,1,,,
1,0,chr20,61558,1,,,
2,0,chr20,61561,1,,,
3,0,chr20,61566,1,,,
4,0,chr20,61568,1,,,
5,0,chr20,61580,1,,,
6,0,chr20,61581,1,,,
7,0,chr20,61622,1,,,
8,0,chr20,61624,1,,,
9,0,chr20,61625,1,,,
10,0,chr20,61635,2,,,
11,0,chr20,61819,1,,,
12,0,chr20,61842,0,,,
13,0,chr20,64240,0,,,
14,0,chr20,64778,0,,,
15,0,chr20,65497,0,,,
16,0,chr20,65619,0,,,
17,0,chr20,66341,1,,,
18,0,chr20,66364,1,,,
19,0,chr20,67179,1,,,
20,0,chr20,68303,2,,,
21,0,chr20,69040,0,,,
22,0,chr20,69326,0,,,
23,0,chr20,69406,0,,,
24,0,chr20,72469,0,,,
25,0,chr20,73628,1,,,
26,0,chr20,73676,1,,,
27,0,chr20,73963,0,,,
28,0,chr20,75849,1,,,
29,0,chr20,77261,0,,,
30,0,chr20,77669,0,,,
31,0,chr20,78339,0,,,
32,0,chr20,79406,0,,,
33,0,chr20,80540,0,,,
34,0,chr20,81154,2,,,
35,1,chr20,82815,0,,,0
36,1,chr20,85259,2,G,"A,,",2
37,1,chr20,85729,2,G,"A,,",2
38,1,chr20,87005,0,,,0
39,1,chr20,87265,0,,,0
40,1,chr20,87472,1,,,0
41,1,chr20,87528,0,,,0
42,1,chr20,88108,1,T,"C,,",1
43,1,chr20,89184,0,,,0
44,1,chr20,89715,0,,,0
45,1,chr20,89716,0,,,0
46,1,chr20,91351,0,,,0
47,1,chr20,92733,0,,,0
48,1,chr20,93338,0,,,0
49,1,chr20,93503,0,,,0
50,1,chr20,94613,2,C,"A,,",2
51,1,chr20,95171,1,,,0
52,1,chr20,95403,0,,,0
53,1,chr20,96321,2,T,"C,,",2
54,1,chr20,97040,0,,,0
55,1,chr20,98318,0,,,0
56,1,chr20,98593,2,T,"C,,",2
57,1,chr20,99430,2,G,"A,,",2
58,1,chr20,100014,2,A,"G,,",2
59,0,chr20,101295,0,,,
60,1,chr20,101338,1,T,"C,,",1
61,1,chr20,101371,1,T,"C,,",1
62,1,chr20,101505,1,A,"C,,",1
63,1,chr20,101576,2,G,"A,,",2
64,0,chr20,102611,2,,,
65,0,chr20,102613,1,,,
66,0,chr20,102633,0,,,
67,1,chr20,103313,1,,,0
68,1,chr20,106471,2,G,"A,,",2
69,1,chr20,106775,2,A,"C,,",2
70,1,chr20,107545,0,,,0
71,1,chr20,110447,2,C,"T,,",2
72,1,chr20,110867,2,G,"A,,",2
73,1,chr20,111725,2,A,"G,,",2
74,1,chr20,111886,2,A,"G,,",2
75,1,chr20,112424,0,,,0
76,1,chr20,112524,0,,,0
77,0,chr20,113005,0,,,
78,1,chr20,116587,0,,,0
79,1,chr20,117781,0,,,0
80,1,chr20,120308,0,,,0
81,1,chr20,121264,1,G,"C,,",1
82,1,chr20,121976,0,,,0
83,1,chr20,124317,1,,,0
84,1,chr20,124945,0,,,0
85,1,chr20,125254,0,,,0
86,1,chr20,127014,0,,,0
87,1,chr20,127687,2,A,"C,,",2
88,1,chr20,128317,0,A,"C,,",2
89,1,chr20,130030,0,,,0
90,1,chr20,130282,1,C,"T,,",1
91,1,chr20,130329,2,G,"A,,",2
92,1,chr20,130338,2,A,"C,,",2
93,1,chr20,130339,2,T,"C,,",2
94,1,chr20,130384,0,,,0
95,1,chr20,130410,0,,,0
96,1,chr20,130759,0,,,0
97,1,chr20,131163,2,G,"A,,",2
98,1,chr20,131481,0,,,0
99,1,chr20,131586,0,,,0
100,1,chr20,135555,0,,,0
101,1,chr20,135914,0,,,0
102,1,chr20,136216,1,G,"A,,",1
103,1,chr20,136847,0,,,0
104,1,chr20,136900,0,,,0
105,1,chr20,140266,0,,,0
106,0,chr20,140859,0,,,
107,1,chr20,144480,2,C,"T,,",2
108,1,chr20,144481,0,,,0
109,1,chr20,146753,0,,,0
110,1,chr20,148061,1,G,"A,,",1
111,0,chr20,148972,2,,,
112,0,chr20,148994,2,,,
113,1,chr20,149852,0,,,0
114,1,chr20,150854,2,T,"C,,",2
115,1,chr20,151016,2,A,"G,,",2
116,1,chr20,151722,0,,,0
117,1,chr20,152134,2,T,"C,,",2
118,1,chr20,152517,2,T,"A,,",2
119,1,chr20,152792,1,A,"C,,",1
120,1,chr20,152834,0,,,0
121,1,chr20,153259,1,C,"G,,",1
122,1,chr20,153376,1,A,"G,,",1
123,1,chr20,153643,2,T,"C,,",2
124,1,chr20,153673,0,,,0
125,1,chr20,153725,2,A,"G,,",2
126,1,chr20,153749,0,,,0
127,1,chr20,153759,1,G,"A,,",1
128,1,chr20,153780,2,C,"T,,",2
129,1,chr20,153835,2,T,"C,,",2
130,1,chr20,153898,1,A,"T,,",1
131,1,chr20,154002,2,C,"T,,",2
132,0,chr20,154092,0,,,
133,1,chr20,154203,2,T,"C,,",2
134,1,chr20,154290,2,T,"G,,",2
135,1,chr20,154847,2,C,"T,,",2
136,1,chr20,155384,1,C,"T,,",1
137,1,chr20,155733,1,G,"A,,",1
138,1,chr20,155813,1,T,"C,,",1
139,1,chr20,156080,1,T,"C,,",1
140,1,chr20,156473,1,A,"G,,",1
141,1,chr20,156486,1,A,"G,,",1
142,1,chr20,156669,1,C,"A,,",1
143,1,chr20,156813,1,T,"G,,",1
144,0,chr20,156879,2,,,
145,0,chr20,156881,0,,,
146,1,chr20,157033,1,G,"A,,",1
147,1,chr20,157259,1,T,"G,,",1
148,1,chr20,157292,2,C,"G,,",2
149,1,chr20,157363,2,G,"C,,",2
150,1,chr20,157484,1,G,"T,,",1
151,1,chr20,157507,1,C,"T,,",1
152,1,chr20,157819,1,A,"G,,",1
153,0,chr20,157914,1,T,"C,,",1
154,0,chr20,157960,1,T,"C,,",1
155,0,chr20,157962,1,T,"C,,",1
156,0,chr20,157965,1,A,"G,,",1
157,0,chr20,157974,1,G,"A,,",1
158,0,chr20,157979,1,A,"C,,",1
159,1,chr20,158513,1,A,"G,,",1
160,1,chr20,158532,1,T,"C,,",1
161,1,chr20,158721,1,G,"A,,",1
162,1,chr20,158768,1,G,"A,,",1
163,1,chr20,158815,1,G,"A,,",1
164,1,chr20,158935,1,C,"A,,",1
165,1,chr20,159104,2,T,"C,,",2
166,1,chr20,159200,1,A,"T,,",1
167,0,chr20,159286,1,,,
168,1,chr20,159445,1,G,"A,,",1
169,1,chr20,159530,1,A,"G,,",1
170,1,chr20,159639,1,C,"T,,",1
171,1,chr20,159864,1,C,"T,,",1
172,1,chr20,159865,1,A,"G,,",1
173,1,chr20,160054,1,A,"G,,",1
174,1,chr20,160212,1,C,"G,,",1
175,1,chr20,160282,1,G,"C,,",1
176,1,chr20,160312,1,T,"C,,",1
177,1,chr20,160384,1,G,"T,,",1
178,1,chr20,160388,1,C,"T,,",1
179,1,chr20,160408,1,G,"A,,",1
180,1,chr20,160413,1,C,"T,,",1
181,1,chr20,160433,1,G,"A,,",1
182,1,chr20,160558,1,C,"G,,",1
183,1,chr20,160625,1,T,"C,,",1
184,1,chr20,160727,1,T,"G,,",1
185,1,chr20,160731,1,C,"T,,",1
186,1,chr20,160733,0,,,0
187,1,chr20,160873,1,G,"A,,",1
188,1,chr20,160889,1,A,"G,,",1
189,1,chr20,160956,1,T,"A,,",1
190,1,chr20,160967,1,G,"T,,",1
191,1,chr20,161095,0,,,0
192,1,chr20,161128,1,G,"C,,",1
193,1,chr20,161181,1,T,"C,,",1
194,1,chr20,161221,1,T,"C,,",1
195,1,chr20,161380,2,G,"A,,",2
196,1,chr20,161451,1,C,"G,,",1
197,1,chr20,161571,1,G,"A,,",1
198,1,chr20,161588,2,T,"C,,",2
199,1,chr20,161621,1,C,"G,,",1
200,1,chr20,161638,2,C,"A,,",2
201,1,chr20,161659,0,,,0
202,1,chr20,161698,1,T,"C,,",1
203,1,chr20,161730,1,C,"T,,",1
204,1,chr20,161734,1,G,"A,,",1
205,1,chr20,161770,1,G,"C,,",1
206,1,chr20,161914,1,A,"G,,",1
207,1,chr20,161918,1,C,"G,,",1
208,1,chr20,161991,1,G,"C,,",1
209,1,chr20,162151,2,T,"C,,",2
210,1,chr20,162224,1,T,"C,,",1
211,1,chr20,162225,1,G,"A,,",1
212,1,chr20,162228,1,G,"A,,",1
213,1,chr20,162268,1,A,"G,,",1
214,1,chr20,162455,1,T,"C,,",1
215,1,chr20,162614,0,,,0
216,1,chr20,162806,1,G,"A,,",1
217,1,chr20,162854,1,G,"T,,",1
218,1,chr20,162932,1,G,"T,,",1
219,1,chr20,163082,1,G,"A,,",1
220,1,chr20,163113,1,C,"T,,",1
221,1,chr20,163277,2,C,"T,,",2
222,1,chr20,163741,1,T,"C,,",1
223,1,chr20,163894,1,A,"C,,",1
224,1,chr20,163919,1,T,"G,,",1
225,1,chr20,163929,1,A,"G,,",1
226,1,chr20,164258,1,T,"C,,",1
227,1,chr20,164569,2,G,"A,,",2
228,1,chr20,164719,0,,,0
229,1,chr20,164772,1,A,"G,,",1
230,1,chr20,164959,0,,,0
231,1,chr20,165108,2,C,"CAT,T,",-1
232,1,chr20,165212,1,C,"A,,",1
233,1,chr20,166310,1,A,"G,,",1
234,1,chr20,166354,1,A,"T,,",1
235,1,chr20,166856,1,G,"A,,",1
236,1,chr20,167044,1,A,"C,,",1
237,1,chr20,167274,1,C,"T,,",1
238,1,chr20,167276,1,A,"C,,",1
239,1,chr20,167443,2,T,"C,,",2
240,1,chr20,167839,2,T,"C,,",2
241,1,chr20,168062,1,G,"A,,",1
242,1,chr20,168385,0,,,0
243,1,chr20,168766,1,C,"G,,",1
244,1,chr20,169334,1,T,"C,,",1
245,1,chr20,170689,1,T,"C,,",1
246,1,chr20,171892,1,G,"A,,",1
247,1,chr20,171929,1,G,"A,,",1
248,1,chr20,172156,1,G,"A,,",1
249,1,chr20,172331,1,T,"C,,",1
250,1,chr20,172351,1,C,"G,,",1
251,1,chr20,172626,1,T,"C,,",1
252,1,chr20,172752,1,C,"A,,",1
253,1,chr20,173050,1,T,"C,,",1
254,1,chr20,173215,1,C,"T,,",1
255,1,chr20,173973,1,T,"G,,",1
256,1,chr20,174745,0,,,0
257,1,chr20,174870,0,,,0
258,1,chr20,175269,1,T,"C,,",1
259,1,chr20,175314,1,A,"G,,",1
260,1,chr20,175524,1,C,"G,,",1
261,1,chr20,175532,1,C,"T,,",1
262,1,chr20,175595,0,,,0
263,1,chr20,175596,0,,,0
264,1,chr20,175665,1,,,0
265,1,chr20,175688,1,G,"C,,",1
266,1,chr20,175689,1,G,"T,,",1
267,1,chr20,175877,0,,,0
268,1,chr20,175893,1,C,"T,,",1
269,1,chr20,175897,1,C,"T,,",1
270,1,chr20,176011,1,C,"T,,",1
271,1,chr20,176015,1,A,"C,,",1
272,1,chr20,176516,1,T,"C,,",1
273,1,chr20,176881,1,C,"T,,",1
274,1,chr20,176970,0,,,0
275,1,chr20,177105,1,A,"C,,",1
276,0,chr20,177309,0,,,
277,0,chr20,177335,1,,,
278,1,chr20,177473,1,G,"A,,",1
279,1,chr20,177674,1,G,"C,,",1
280,1,chr20,177793,1,C,"T,,",1
281,1,chr20,177854,1,A,"G,,",1
282,1,chr20,178648,1,C,"T,,",1
283,1,chr20,179243,1,,,0
284,1,chr20,179567,1,A,"G,,",1
285,1,chr20,179892,1,A,"G,,",1
286,1,chr20,179910,1,T,"C,,",1
287,1,chr20,180809,1,G,"A,,",1
288,1,chr20,181560,0,,,0
289,1,chr20,182042,1,C,"T,,",1
290,1,chr20,183643,1,G,"GAAAAC,,",1
291,1,chr20,183699,1,A,"T,,",1
292,1,chr20,184632,0,,,0
293,1,chr20,185267,1,T,"C,,",1
294,1,chr20,186086,1,G,"A,,",1
295,1,chr20,186183,1,G,"A,,",1
296,1,chr20,186669,1,A,"G,,",1
297,1,chr20,186790,1,G,"A,,",1
298,1,chr20,187371,0,,,0
299,1,chr20,187439,1,A,"G,,",1
300,1,chr20,187825,1,T,"A,,",1
301,1,chr20,188087,1,T,"A,,",1
302,1,chr20,188116,0,,,0
303,1,chr20,188491,0,,,0
304,1,chr20,188584,0,,,0
305,1,chr20,188787,0,,,0
306,1,chr20,189060,1,G,"A,,",1
307,1,chr20,189354,1,T,"C,,",1
308,1,chr20,189948,1,T,"C,,",1
309,1,chr20,190001,1,G,"A,,",1
310,1,chr20,190548,1,C,"T,,",1
311,1,chr20,190675,0,C,"CTT,,",1
312,1,chr20,190764,0,,,0
313,1,chr20,190767,0,,,0
314,1,chr20,190950,1,G,"A,,",1
315,1,chr20,190986,1,G,"A,,",1
316,1,chr20,191065,1,,,0
317,1,chr20,191067,0,,,0
318,1,chr20,191221,1,A,"T,,",1
319,1,chr20,191877,1,A,"G,,",1
320,1,chr20,192100,1,G,"T,,",1
321,1,chr20,192605,0,,,0
322,1,chr20,192978,0,,,0
323,1,chr20,193110,1,G,"A,,",1
324,1,chr20,193428,1,A,"G,,",1
325,1,chr20,193837,0,,,0
326,1,chr20,193894,0,,,0
327,1,chr20,194205,0,,,0
328,1,chr20,194345,0,,,0
329,1,chr20,194746,1,G,"A,,",1
330,1,chr20,195499,1,,,0
331,1,chr20,196357,0,,,0
332,1,chr20,196472,0,,,0
333,1,chr20,196584,1,A,"G,,",1
334,1,chr20,196609,1,T,"C,,",1
335,1,chr20,196734,0,,,0
336,1,chr20,197203,0,,,0
337,1,chr20,197993,0,,,0
338,1,chr20,198171,1,A,"G,,",1
339,1,chr20,198174,1,G,"A,,",1
340,1,chr20,198215,1,C,"T,,",1
341,1,chr20,198407,1,,,0
342,1,chr20,198570,0,,,0
343,1,chr20,198814,1,A,"T,,",1
344,1,chr20,198868,0,,,0
345,1,chr20,198921,1,A,"G,,",1
346,0,chr20,199123,1,T,"C,,",1
347,1,chr20,200997,1,C,"T,,",1
348,1,chr20,201058,0,,,0
349,1,chr20,201059,0,,,0
350,1,chr20,201326,1,A,"C,,",1
351,1,chr20,201372,1,T,"C,,",1
352,1,chr20,201418,1,T,"C,,",1
353,1,chr20,201439,0,,,0
354,1,chr20,202581,1,C,"T,,",1
355,1,chr20,203580,1,G,"A,,",1
356,1,chr20,203602,1,G,"A,,",1
357,1,chr20,203847,1,T,"A,,",1
358,1,chr20,204090,1,T,"C,,",1
359,1,chr20,204750,0,,,0
360,1,chr20,205285,1,G,"A,,",1
361,1,chr20,205764,1,A,"G,,",1
362,1,chr20,206034,0,,,0
363,1,chr20,206076,0,,,0
364,1,chr20,207389,1,C,"T,,",1
365,1,chr20,209593,0,,,0
366,1,chr20,209942,0,,,0
367,1,chr20,209985,1,,,0
368,1,chr20,211156,1,G,"T,,",1
369,1,chr20,211168,1,C,"T,,",1
370,1,chr20,211428,1,C,"T,,",1
371,1,chr20,211991,0,,,0
372,1,chr20,212860,0,,,0
373,1,chr20,212973,0,,,0
374,1,chr20,213649,1,A,"G,,",1
375,1,chr20,213886,1,T,"C,,",1
376,1,chr20,214444,1,T,"A,,",1
377,1,chr20,214461,1,C,"T,,",1
378,1,chr20,214646,1,C,"A,,",1
379,1,chr20,214824,1,C,"T,,",1
380,1,chr20,214879,1,G,"A,,",1
381,1,chr20,215055,1,G,"A,,",1
382,1,chr20,215963,1,G,"C,,",1
383,1,chr20,215975,0,,,0
384,1,chr20,217754,2,G,"A,,",2
385,1,chr20,218762,0,,,0
386,1,chr20,218764,0,,,0
387,1,chr20,218927,0,,,0
388,1,chr20,219501,1,T,"A,,",1
389,1,chr20,219536,0,,,0
390,1,chr20,224189,1,G,"A,,",1
391,1,chr20,224812,1,,,0
392,1,chr20,225761,1,C,"T,,",1
393,1,chr20,225955,2,C,"T,,",2
394,1,chr20,226020,1,,,0
395,1,chr20,226407,1,,,0
396,1,chr20,226775,1,A,"T,,",1
397,1,chr20,227248,1,G,"A,,",1
398,1,chr20,227511,1,,,0
399,1,chr20,227512,1,,,0
400,1,chr20,227527,1,T,"C,,",1
401,1,chr20,227704,0,A,"T,,",1
402,1,chr20,229420,1,G,"A,,",1
403,1,chr20,230234,1,G,"A,,",1
404,1,chr20,230868,1,C,"T,,",1
405,1,chr20,230899,0,,,0
406,1,chr20,231070,1,G,"A,,",1
407,1,chr20,231318,1,C,"G,,",1
408,1,chr20,231710,1,T,"G,,",1
409,1,chr20,231898,1,C,"T,,",1
410,1,chr20,231900,1,G,"C,,",1
411,1,chr20,233380,0,,,0
412,1,chr20,233505,0,,,0
413,1,chr20,233732,2,T,"C,,",2
414,1,chr20,234007,0,,,0
415,0,chr20,234099,0,,,
416,1,chr20,234239,1,C,"T,,",1
417,1,chr20,234441,2,C,"T,,",2
418,1,chr20,235521,0,,,0
419,1,chr20,236100,0,,,0
420,1,chr20,236109,2,T,"C,,",2
421,1,chr20,236170,2,C,"T,,",2
422,1,chr20,236433,2,G,"A,,",2
423,1,chr20,236578,0,,,0
424,1,chr20,236640,2,G,"A,,",2
425,1,chr20,237026,1,,,0
426,1,chr20,237065,0,,,0
427,1,chr20,237097,1,,,0
428,1,chr20,237126,0,,,0
429,1,chr20,237210,2,T,"C,,",2
430,1,chr20,238324,0,,,0
431,1,chr20,238370,2,A,"G,,",2
432,1,chr20,238458,2,C,"G,,",2
433,1,chr20,238721,2,G,"A,,",2
434,1,chr20,239367,0,,,0
435,1,chr20,239418,2,C,"T,,",2
436,1,chr20,239444,2,A,"C,,",2
437,1,chr20,239451,2,C,"A,,",2
438,1,chr20,239556,2,C,"T,,",2
439,1,chr20,239563,2,T,"G,,",2
440,1,chr20,239803,2,G,"A,,",2
441,1,chr20,240895,0,,,0
442,1,chr20,241301,2,G,"A,,",2
443,1,chr20,242033,2,G,"A,,",2
444,1,chr20,242067,2,T,"C,,",2
445,1,chr20,242068,0,,,0
446,1,chr20,242195,2,C,"T,,",2
447,1,chr20,242353,2,A,"C,,",2
448,1,chr20,242531,2,T,"C,,",2
449,1,chr20,242614,2,T,"G,,",2
450,1,chr20,242798,2,G,"A,,",2
451,1,chr20,242810,0,,,0
452,1,chr20,242871,0,,,0
453,1,chr20,242897,2,T,"C,,",2
454,1,chr20,243217,2,A,"G,,",2
455,1,chr20,243487,2,T,"C,,",2
456,1,chr20,243532,2,C,"T,,",2
457,1,chr20,243668,1,,,0
458,0,chr20,243819,2,,,
459,1,chr20,243960,2,G,"T,,",2
460,1,chr20,244300,2,T,"A,,",2
461,1,chr20,244330,2,G,"A,,",2
462,1,chr20,244417,2,A,"G,,",2
463,1,chr20,244771,2,T,"C,,",2
464,1,chr20,244803,2,T,"C,,",2
465,1,chr20,245127,2,G,"A,,",2
466,1,chr20,245240,0,,,0
467,0,chr20,245470,1,,,
468,0,chr20,245472,1,,,
469,0,chr20,245474,1,,,
470,1,chr20,246220,0,,,0
471,1,chr20,246890,0,,,0
472,1,chr20,248681,0,,,0
473,1,chr20,249127,0,,,0
474,1,chr20,249248,0,,,0
475,1,chr20,249412,1,C,"T,,",1
476,1,chr20,249875,1,T,"A,,",1
477,1,chr20,249900,1,A,"T,,",1
478,1,chr20,250055,0,,,0
479,1,chr20,250257,0,,,0
480,1,chr20,250449,1,C,"T,,",1
481,1,chr20,250472,1,A,"G,,",1
482,1,chr20,250554,1,C,"T,,",1
483,1,chr20,251035,1,A,"G,,",1
484,0,chr20,251370,1,,,
485,1,chr20,251466,1,G,"C,,",1
486,1,chr20,251699,1,G,"A,,",1
487,1,chr20,252833,1,C,"T,,",1
488,1,chr20,252834,1,A,"G,,",1
489,1,chr20,253002,1,,,0
490,1,chr20,253003,0,,,0
491,1,chr20,253238,2,C,"A,,",2
492,1,chr20,253362,0,,,0
493,1,chr20,253363,0,,,0
494,1,chr20,253395,0,,,0
495,1,chr20,253451,0,,,0
496,1,chr20,253519,0,,,0
497,1,chr20,253538,1,A,"G,,",1
498,1,chr20,253719,1,C,"T,,",1
499,1,chr20,254003,0,,,0
500,1,chr20,254466,1,A,"C,,",1
501,1,chr20,255081,1,G,"A,,",1
502,0,chr20,255329,1,C,"G,,",1
503,1,chr20,255447,1,T,"C,,",1
504,1,chr20,255527,1,T,"C,,",1
505,1,chr20,255597,1,G,"A,,",1
506,1,chr20,255645,1,A,"G,,",1
507,1,chr20,255687,1,A,"C,,",1
508,1,chr20,255778,1,G,"A,,",1
509,1,chr20,256161,1,C,"T,,",1
510,1,chr20,256351,1,C,"T,,",1
511,1,chr20,256411,1,G,"C,,",1
512,1,chr20,256777,1,G,"A,,",1
513,1,chr20,256856,1,A,"G,,",1
514,1,chr20,256904,1,C,"T,,",1
515,1,chr20,256928,1,C,"A,,",1
516,0,chr20,256977,1,A,"T,,",1
517,0,chr20,257032,0,,,
518,0,chr20,257036,0,T,"C,,",1
519,1,chr20,257379,1,C,"T,,",1
520,1,chr20,257413,0,,,0
521,1,chr20,257866,1,A,"C,,",1
522,1,chr20,257889,1,T,"G,,",1
523,1,chr20,257899,1,C,"T,,",1
524,1,chr20,258096,1,C,"T,,",1
525,1,chr20,258180,0,,,0
526,1,chr20,258653,1,T,"C,,",1
527,0,chr20,258770,0,,,
528,1,chr20,259023,1,T,"C,,",1
529,1,chr20,259047,1,G,"A,,",1
530,1,chr20,259056,1,G,"C,,",1
531,1,chr20,259755,1,,,0
532,1,chr20,260063,1,T,"A,,",1
533,1,chr20,260065,1,T,"A,,",1
534,1,chr20,260593,1,C,"T,,",1
535,1,chr20,260666,0,,,0
536,1,chr20,260725,1,G,"A,,",1
537,1,chr20,260755,1,T,"A,,",1
538,1,chr20,260849,0,,,0
539,1,chr20,261944,1,G,"C,,",1
540,1,chr20,262044,1,G,"A,,",1
541,0,chr20,262185,0,,,
542,1,chr20,262634,0,,,0
543,1,chr20,263339,0,,,0
544,1,chr20,263451,1,C,"G,,",1
545,1,chr20,263776,1,G,"A,,",1
546,1,chr20,263930,0,,,0
547,1,chr20,264624,0,,,0
548,1,chr20,264846,0,,,0
549,1,chr20,264869,0,,,0
550,0,chr20,265060,0,,,
551,0,chr20,265061,0,,,
552,1,chr20,265372,0,,,0
553,1,chr20,265619,0,,,0
554,1,chr20,267166,0,,,0
555,1,chr20,268064,0,,,0
556,1,chr20,268099,0,,,0
557,1,chr20,268287,0,,,0
558,1,chr20,268369,0,,,0
559,1,chr20,268429,0,,,0
560,1,chr20,268530,0,,,0
561,1,chr20,268564,0,,,0
562,1,chr20,268572,0,,,0
563,1,chr20,269601,0,,,0
564,1,chr20,269844,1,C,"T,,",1
565,1,chr20,269893,0,,,0
566,1,chr20,270104,0,,,0
567,1,chr20,270107,1,,,0
568,1,chr20,270342,0,,,0
569,1,chr20,270347,0,,,0
570,1,chr20,270686,0,,,0
571,1,chr20,270807,0,,,0
572,1,chr20,270832,0,,,0
573,1,chr20,270901,0,,,0
574,1,chr20,272402,0,,,0
575,1,chr20,273372,1,C,"T,,",1
576,1,chr20,274125,1,C,"T,,",1
577,1,chr20,274210,1,G,"C,,",1
578,1,chr20,274599,1,T,"C,,",1
579,1,chr20,274806,0,,,0
580,1,chr20,275241,1,G,"A,,",1
581,1,chr20,275330,0,,,0
582,1,chr20,275466,1,T,"C,,",1
583,1,chr20,275932,1,A,"G,,",1
584,1,chr20,276086,1,T,"A,,",1
585,1,chr20,276225,1,G,"A,,",1
586,1,chr20,276245,1,A,"G,,",1
587,1,chr20,276351,1,A,"G,,",1
588,1,chr20,276391,1,A,"G,,",1
589,1,chr20,276600,0,,,0
590,1,chr20,276679,1,G,"A,,",1
591,1,chr20,277092,1,A,"G,,",1
592,1,chr20,277162,1,G,"C,,",1
593,1,chr20,277171,2,T,"C,,",2
594,1,chr20,277247,0,,,0
595,1,chr20,277261,0,,,0
596,1,chr20,277543,0,,,0
597,1,chr20,277546,0,,,0
598,1,chr20,277550,1,C,"G,,",1
599,1,chr20,277574,1,G,"A,,",1
600,1,chr20,277654,1,G,"T,,",1
601,1,chr20,277664,1,G,"A,,",1
602,0,chr20,277808,1,C,"T,,",1
603,1,chr20,277915,1,C,"T,,",1
604,1,chr20,278070,1,C,"T,,",1
605,1,chr20,278224,1,A,"G,,",1
606,1,chr20,278266,0,,,0
607,1,chr20,278515,1,G,"A,,",1
608,1,chr20,278683,0,,,0
609,1,chr20,278695,0,,,0
610,0,chr20,279001,0,,,
611,0,chr20,279053,0,,,
612,0,chr20,279058,0,,,
613,0,chr20,279062,0,,,
614,0,chr20,279069,0,,,
615,0,chr20,279177,2,,,
616,0,chr20,279260,0,,,
617,0,chr20,279328,2,,,
618,0,chr20,279330,0,,,
619,1,chr20,279418,0,,,0
620,1,chr20,279711,0,,,0
621,1,chr20,279759,1,C,"G,,",1
622,1,chr20,279880,1,G,"C,,",1
623,1,chr20,280072,0,,,0
624,1,chr20,280094,0,,,0
625,0,chr20,280230,1,T,"C,,",1
626,0,chr20,280339,1,T,"C,,",1
627,1,chr20,280589,0,,,0
628,1,chr20,280719,0,,,0
629,1,chr20,281010,1,G,"A,,",1
630,1,chr20,281207,0,,,0
631,1,chr20,281287,0,,,0
632,1,chr20,281302,0,,,0
633,1,chr20,281470,1,C,"T,,",1
634,1,chr20,281574,0,,,0
635,1,chr20,281757,0,,,0
636,1,chr20,281758,0,,,0
637,1,chr20,281929,1,T,"C,,",1
638,1,chr20,282353,0,,,0
639,1,chr20,282596,1,A,"T,,",1
640,1,chr20,282775,1,G,"A,,",1
641,1,chr20,283019,1,T,"C,,",1
642,1,chr20,283328,1,A,"G,,",1
643,1,chr20,283411,1,C,"G,,",1
644,1,chr20,283535,1,G,"C,,",1
645,1,chr20,283724,1,G,"A,,",1
646,1,chr20,283857,1,A,"C,,",1
647,1,chr20,283918,0,,,0
648,1,chr20,284338,1,A,"G,,",1
649,1,chr20,284356,1,G,"A,,",1
650,1,chr20,284597,1,T,"C,,",1
651,1,chr20,284647,1,,,0
652,1,chr20,284724,1,A,"G,,",1
653,1,chr20,284773,0,,,0
654,1,chr20,284881,1,T,"C,,",1
655,1,chr20,285171,0,,,0
656,1,chr20,285327,1,T,"C,,",1
657,1,chr20,285600,1,T,"G,,",1
658,1,chr20,285621,1,G,"T,,",1
659,1,chr20,285738,1,C,"T,,",1
660,1,chr20,286151,1,G,"A,,",1
661,1,chr20,286710,1,A,"G,,",1
662,1,chr20,286812,1,C,"A,,",1
663,1,chr20,287106,0,,,0
664,1,chr20,287237,1,T,"C,,",1
665,1,chr20,287305,1,G,"T,,",1
666,1,chr20,287629,1,T,"C,,",1
667,1,chr20,287630,0,,,0
668,1,chr20,287833,1,C,"T,,",1
669,1,chr20,287837,1,A,"T,,",1
670,0,chr20,287876,1,C,"T,,",1
671,0,chr20,287932,1,,,
672,1,chr20,288365,1,T,"C,,",1
673,1,chr20,288516,1,T,"C,,",1
674,1,chr20,289049,1,C,"T,,",1
675,1,chr20,289204,1,,,0
676,1,chr20,289641,0,,,0
677,1,chr20,289787,1,C,"T,,",1
678,1,chr20,289993,1,G,"A,,",1
679,1,chr20,290134,1,G,"A,,",1
680,1,chr20,290415,0,,,0
681,1,chr20,290430,0,,,0
682,1,chr20,290513,1,,,0
683,0,chr20,290584,1,,,
684,1,chr20,290709,0,,,0
685,1,chr20,291050,0,,,0
686,1,chr20,291154,0,,,0
687,1,chr20,291539,0,,,0
688,1,chr20,291796,1,G,"A,,",1
689,1,chr20,291952,2,A,"G,,",2
690,1,chr20,292021,1,,,0
691,1,chr20,292207,1,,,0
692,1,chr20,292777,0,,,0
693,1,chr20,293692,1,T,"C,,",1
694,1,chr20,294230,0,,,0
695,1,chr20,294509,0,,,0
696,1,chr20,295067,0,,,0
697,1,chr20,296357,0,,,0
698,1,chr20,296388,0,,,0
699,1,chr20,296976,1,C,"T,,",1
700,1,chr20,297051,1,C,"G,,",1
701,1,chr20,297130,0,,,0
702,1,chr20,297191,1,C,"T,,",1
703,1,chr20,297426,0,,,0
704,0,chr20,297515,0,,,
705,1,chr20,297622,0,,,0
706,1,chr20,297624,0,,,0
707,1,chr20,297649,0,,,0
708,1,chr20,297668,0,,,0
709,1,chr20,297874,1,T,"C,,",1
710,1,chr20,298065,1,,,0
711,1,chr20,298162,1,C,"T,,",1
712,1,chr20,298617,0,,,0
713,1,chr20,298619,0,,,0
714,1,chr20,298776,1,,,0
715,1,chr20,298780,0,,,0
716,1,chr20,298830,0,,,0
717,1,chr20,298839,1,T,"C,,",1
718,1,chr20,299124,0,,,0
719,1,chr20,299130,1,A,"C,,",1
720,1,chr20,299395,0,,,0
721,1,chr20,299568,0,,,0
722,1,chr20,299834,0,,,0
723,1,chr20,301225,0,,,0
724,1,chr20,301778,1,A,"T,,",1
725,1,chr20,302891,2,A,"G,,",2
726,1,chr20,303233,2,T,"C,,",2
727,1,chr20,303238,0,,,0
728,1,chr20,303426,0,,,0
729,1,chr20,303430,2,A,"G,,",2
730,1,chr20,304111,2,C,"G,,",2
731,1,chr20,304170,2,T,"C,,",2
732,1,chr20,304190,2,A,"G,,",2
733,1,chr20,304257,1,C,"T,,",1
734,1,chr20,304335,1,G,"A,,",1
735,1,chr20,304362,0,,,0
736,1,chr20,304376,1,G,"A,,",1
737,1,chr20,304679,1,G,"A,,",1
738,1,chr20,304705,1,G,"C,,",1
739,1,chr20,305012,2,A,"T,,",2
740,1,chr20,305172,0,,,0
741,1,chr20,305384,1,G,"A,,",1
742,1,chr20,305403,2,A,"C,,",2
743,1,chr20,305703,0,,,0
744,1,chr20,305843,1,G,"A,,",1
745,1,chr20,305871,1,T,"C,,",1
746,1,chr20,305882,1,C,"A,,",1
747,1,chr20,305943,2,G,"A,,",2
748,0,chr20,306194,2,,,
749,0,chr20,306328,1,,,
750,0,chr20,306335,1,,,
751,0,chr20,306338,1,,,
752,0,chr20,306344,0,,,
753,0,chr20,306410,0,,,
754,0,chr20,306510,0,,,
755,0,chr20,306535,1,,,
756,1,chr20,306742,1,A,"G,,",1
757,1,chr20,306776,1,T,"C,,",1
758,1,chr20,306885,2,T,"C,,",2
759,1,chr20,306926,1,,,0
760,1,chr20,306993,1,G,"C,,",1
761,1,chr20,307369,0,,,0
762,1,chr20,307535,0,,,0
763,1,chr20,307589,2,G,"A,,",2
764,1,chr20,307693,1,C,"G,,",1
765,1,chr20,307730,0,,,0
766,1,chr20,307798,0,,,0
767,1,chr20,307847,0,,,0
768,1,chr20,308029,0,,,0
769,1,chr20,308128,1,C,"A,,",1
770,1,chr20,308132,2,T,"C,,",2
771,1,chr20,308261,1,G,"A,,",1
772,1,chr20,308278,1,G,"A,,",1
773,1,chr20,308718,1,G,"A,,",1
774,1,chr20,308968,2,G,"C,,",2
775,1,chr20,309613,1,G,"A,,",1
776,1,chr20,309637,2,T,"C,,",2
777,1,chr20,309639,2,C,"T,,",2
778,1,chr20,309653,2,G,"T,,",2
779,1,chr20,309674,2,T,"C,,",2
780,0,chr20,310521,2,,,
781,0,chr20,310522,2,,,
782,0,chr20,310523,2,,,
783,1,chr20,310589,0,,,0
784,1,chr20,311244,0,,,0
785,1,chr20,311316,0,,,0
786,1,chr20,311448,0,,,0
787,1,chr20,311621,0,,,0
788,1,chr20,311683,1,T,"C,,",1
789,1,chr20,311774,1,T,"C,,",1
790,1,chr20,311791,2,G,"T,,",2
791,1,chr20,312149,0,,,0
792,1,chr20,312677,0,,,0
793,1,chr20,312813,0,,,0
794,1,chr20,313264,1,,,0
795,1,chr20,313309,0,,,0
796,1,chr20,313506,1,,,0
797,1,chr20,314417,1,C,"A,,",1
798,1,chr20,314431,1,A,"G,,",1
799,1,chr20,314495,1,C,"A,,",1
800,1,chr20,314519,1,,,0
801,1,chr20,314595,1,G,"A,,",1
802,1,chr20,314668,1,T,"C,,",1
803,1,chr20,314669,0,,,0
804,0,chr20,314877,1,G,"A,,",1
805,1,chr20,315105,0,,,0
806,1,chr20,315222,1,T,"C,,",1
807,1,chr20,315528,1,T,"C,,",1
808,1,chr20,315671,0,,,0
809,1,chr20,315930,0,,,0
810,1,chr20,316243,0,,,0
811,1,chr20,316421,0,,,0
812,1,chr20,316587,1,C,"A,,",1
813,1,chr20,317112,0,,,0
814,1,chr20,317341,0,,,0
815,0,chr20,317636,0,,,
816,1,chr20,317989,1,,,0
817,1,chr20,318091,1,C,"A,,",1
818,1,chr20,318361,0,,,0
819,1,chr20,318388,1,A,"C,,",1
820,1,chr20,318819,0,,,0
821,1,chr20,318825,0,,,0
822,1,chr20,318854,1,C,"G,,",1
823,0,chr20,318943,1,,,
824,0,chr20,318971,2,C,"T,,",2
825,1,chr20,319002,0,,,0
826,1,chr20,319115,1,G,"T,,",1
827,1,chr20,319200,0,,,0
828,1,chr20,319367,1,G,"A,,",1
829,1,chr20,321469,0,,,0
830,1,chr20,321806,0,,,0
831,1,chr20,321846,0,,,0
832,1,chr20,323597,0,,,0
833,1,chr20,323673,0,,,0
834,1,chr20,323679,0,,,0
835,1,chr20,323997,0,,,0
836,1,chr20,324077,0,,,0
837,1,chr20,324086,0,,,0
838,0,chr20,324201,0,,,
839,0,chr20,324202,0,,,
840,1,chr20,324285,0,,,0
841,1,chr20,324514,0,,,0
842,1,chr20,324850,0,,,0
843,1,chr20,325260,0,,,0
844,1,chr20,325530,0,,,0
845,1,chr20,325554,0,,,0
846,1,chr20,325903,0,,,0
847,1,chr20,326030,0,,,0
848,1,chr20,326089,1,G,"A,,",1
849,1,chr20,326160,0,,,0
850,1,chr20,326281,0,,,0
851,1,chr20,326377,0,,,0
852,1,chr20,326396,1,,,0
853,1,chr20,327369,0,,,0
854,1,chr20,327453,0,,,0
855,1,chr20,327531,0,,,0
856,1,chr20,327694,0,,,0
857,1,chr20,327889,0,,,0
858,1,chr20,328209,0,,,0
859,0,chr20,328225,0,,,
860,0,chr20,328268,0,,,
861,1,chr20,328446,0,,,0
862,1,chr20,328931,0,,,0
863,1,chr20,329386,0,,,0
864,1,chr20,329479,0,,,0
865,1,chr20,330655,0,,,0
866,1,chr20,330724,0,,,0
867,1,chr20,330733,0,,,0
868,1,chr20,331605,0,,,0
869,1,chr20,331700,0,,,0
870,1,chr20,332038,0,,,0
871,1,chr20,332082,1,,,0
872,1,chr20,332256,0,,,0
873,1,chr20,332333,0,,,0
874,1,chr20,332334,0,,,0
875,1,chr20,332749,0,,,0
876,1,chr20,333539,0,,,0
877,1,chr20,334103,0,,,0
878,1,chr20,334807,0,,,0
879,1,chr20,334890,0,,,0
880,1,chr20,335931,0,,,0
881,1,chr20,336095,0,,,0
882,0,chr20,336308,2,,,
883,0,chr20,336333,2,,,
884,1,chr20,336757,0,,,0
885,1,chr20,336879,0,,,0
886,1,chr20,336880,0,,,0
887,1,chr20,337640,1,,,0
888,1,chr20,337902,0,,,0
889,1,chr20,337904,0,,,0
890,1,chr20,337907,0,,,0
891,1,chr20,337912,0,,,0
892,1,chr20,339242,1,,,0
893,0,chr20,340135,0,,,
894,1,chr20,340858,1,T,"C,,",1
895,1,chr20,340865,1,C,"G,,",1
896,1,chr20,340929,0,,,0
897,1,chr20,341737,0,,,0
898,1,chr20,341968,1,T,"C,,",1
899,1,chr20,342363,0,,,0
900,0,chr20,342641,1,,,
901,0,chr20,342664,1,,,
902,0,chr20,342669,0,,,
903,1,chr20,342939,1,C,"T,,",1
904,1,chr20,343326,1,G,"A,,",1
905,1,chr20,343479,1,A,"G,,",1
906,1,chr20,343825,1,A,"G,,",1
907,1,chr20,343865,1,G,"A,,",1
908,1,chr20,343893,1,G,"C,,",1
909,1,chr20,344354,1,C,"G,,",1
910,1,chr20,344458,1,T,"C,,",1
911,1,chr20,345147,0,,,0
912,1,chr20,345372,1,T,"C,,",1
913,1,chr20,345506,1,G,"A,,",1
914,1,chr20,345849,0,,,0
915,1,chr20,345867,0,,,0
916,1,chr20,345868,1,,,0
917,1,chr20,346574,0,,,0
918,1,chr20,346663,0,,,0
919,1,chr20,346879,0,,,0
920,1,chr20,346980,0,,,0
921,1,chr20,346981,0,,,0
922,1,chr20,347100,0,,,0
923,1,chr20,347101,0,,,0
924,1,chr20,347226,0,,,0
925,1,chr20,347852,0,,,0
926,1,chr20,347956,0,,,0
927,1,chr20,348068,0,,,0
928,1,chr20,348322,0,,,0
929,1,chr20,349198,1,T,"C,,",1
930,1,chr20,349429,0,,,0
931,1,chr20,349665,0,,,0
932,1,chr20,350067,0,,,0
933,1,chr20,350206,0,,,0
934,0,chr20,350677,0,,,
935,1,chr20,351164,1,A,"G,,",1
936,1,chr20,351450,0,,,0
937,1,chr20,352727,0,,,0
938,1,chr20,352819,1,G,"A,,",1
939,1,chr20,353508,1,,,0
940,1,chr20,354581,1,G,"T,,",1
941,1,chr20,355108,0,,,0
942,1,chr20,355283,1,C,"A,,",1
943,1,chr20,355391,0,,,0
944,1,chr20,356789,0,,,0
945,1,chr20,356924,2,C,"G,,",2
946,1,chr20,357301,0,,,0
947,1,chr20,358233,0,,,0
948,0,chr20,358579,0,,,
949,1,chr20,358706,0,,,0
950,1,chr20,358841,1,A,"G,,",1
951,1,chr20,359869,1,T,"G,,",1
952,0,chr20,359913,1,G,"C,,",1
953,0,chr20,359914,1,G,"T,,",1
954,0,chr20,359916,1,G,"T,,",1
955,0,chr20,359924,1,G,"A,,",1
956,0,chr20,359930,1,C,"A,,",1
957,0,chr20,359931,1,G,"A,,",1
958,0,chr20,359947,1,C,"T,,",1
959,0,chr20,359953,1,,,
960,0,chr20,359954,1,,,
961,0,chr20,359955,0,C,"CAT,,",1
962,0,chr20,359960,1,C,"T,,",1
963,0,chr20,359969,1,C,"A,,",1
964,0,chr20,359978,0,,,
965,1,chr20,360218,0,,,0
966,1,chr20,360364,0,,,0
967,1,chr20,360554,1,T,"C,,",1
968,1,chr20,360556,1,T,"C,,",1
969,1,chr20,360601,0,,,0
970,1,chr20,360622,1,A,"G,,",1
971,1,chr20,361302,1,A,"G,,",1
972,1,chr20,361322,0,,,0
973,1,chr20,362051,1,A,"G,,",1
974,1,chr20,362052,1,T,"C,,",1
975,1,chr20,362270,0,,,0
976,1,chr20,362289,0,,,0
977,1,chr20,362585,0,,,0
978,1,chr20,362639,0,,,0
979,1,chr20,363003,1,T,"C,,",1
980,1,chr20,363114,1,A,"G,,",1
981,1,chr20,363119,1,G,"A,,",1
982,1,chr20,363245,1,C,"T,,",1
983,1,chr20,363435,1,T,"C,,",1
984,1,chr20,363987,1,G,"A,,",1
985,1,chr20,364755,1,T,"C,,",1
986,1,chr20,365220,2,C,"T,,",2
987,1,chr20,365339,0,,,0
988,1,chr20,365538,0,,,0
989,1,chr20,365951,0,,,0
990,1,chr20,366107,2,A,"G,,",2
991,1,chr20,366170,0,,,0
992,1,chr20,366711,1,C,"G,,",1
993,1,chr20,367006,2,A,"C,,",2
994,1,chr20,367039,0,,,0
995,1,chr20,367079,1,C,"T,,",1
996,1,chr20,367082,1,A,"G,,",1
997,1,chr20,367106,1,C,"G,,",1
998,1,chr20,367141,1,A,"G,,",1
999,1,chr20,367176,1,A,"T,,",1
1000,1,chr20,367264,1,G,"A,,",1
1001,1,chr20,367521,1,T,"C,,",1
1002,1,chr20,367522,1,G,"A,,",1
1003,1,chr20,367544,1,T,"A,,",1
1004,1,chr20,367675,1,C,"T,,",1
1005,1,chr20,367690,1,G,"A,,",1
1006,1,chr20,367877,1,C,"G,,",1
1007,1,chr20,367969,0,,,0
1008,1,chr20,368132,1,T,"G,,",1
1009,1,chr20,368260,1,A,"G,,",1
1010,1,chr20,368410,1,C,"A,,",1
1011,1,chr20,368417,0,,,0
1012,1,chr20,368477,1,,,0
1013,1,chr20,368580,1,G,"A,,",1
1014,1,chr20,368775,0,,,0
1015,1,chr20,368969,0,,,0
1016,1,chr20,369575,1,,,0
1017,1,chr20,369998,1,A,"G,,",1
1018,1,chr20,370042,0,,,0
1019,1,chr20,370237,1,C,"A,,",1
1020,1,chr20,370306,0,,,0
1021,1,chr20,370326,0,,,0
1022,1,chr20,370371,1,T,"C,,",1
1023,1,chr20,370372,1,,,0
1024,1,chr20,370587,0,,,0
1025,1,chr20,370588,0,,,0
1026,1,chr20,371300,1,T,"G,,",1
1027,1,chr20,371526,1,C,"G,,",1
1028,1,chr20,372502,0,,,0
1029,1,chr20,372676,1,C,"T,,",1
1030,1,chr20,372796,0,,,0
1031,1,chr20,373053,1,A,"G,,",1
1032,1,chr20,373694,1,C,"G,,",1
1033,1,chr20,373749,1,C,"T,,",1
1034,1,chr20,374221,1,C,"T,,",1
1035,1,chr20,374231,1,,,0
1036,1,chr20,374323,1,A,"G,,",1
1037,1,chr20,374580,1,G,"T,,",1
1038,1,chr20,374601,1,T,"C,,",1
1039,1,chr20,374635,0,,,0
1040,1,chr20,374675,1,G,"A,,",1
1041,1,chr20,374743,1,G,"A,,",1
1042,1,chr20,374744,1,G,"T,,",1
1043,1,chr20,374747,1,G,"A,,",1
1044,1,chr20,374754,1,G,"A,,",1
1045,1,chr20,374831,0,,,0
1046,1,chr20,374906,1,,,0
1047,1,chr20,375085,0,,,0
1048,1,chr20,375086,0,,,0
1049,1,chr20,375120,1,G,"A,,",1
1050,1,chr20,375359,1,T,"G,,",1
1051,1,chr20,375527,0,,,0
1052,1,chr20,375590,1,C,"T,,",1
1053,1,chr20,375716,0,,,0
1054,1,chr20,375892,0,,,0
1055,1,chr20,376008,0,,,0
1056,1,chr20,376024,0,,,0
1057,1,chr20,376141,1,A,"G,,",1
1058,1,chr20,376217,1,G,"A,,",1
1059,1,chr20,376345,0,,,0
1060,1,chr20,376406,1,C,"T,,",1
1061,1,chr20,376484,1,A,"T,,",1
1062,1,chr20,377035,1,T,"C,,",1
1063,1,chr20,377056,1,T,"C,,",1
1064,0,chr20,377184,1,A,"G,,",1
1065,1,chr20,377271,0,,,0
1066,1,chr20,377366,1,C,"T,,",1
1067,1,chr20,377575,0,,,0
1068,1,chr20,378405,0,,,0
1069,1,chr20,378444,0,,,0
1070,1,chr20,379172,1,,,0
1071,1,chr20,379269,0,,,0
1072,1,chr20,379535,0,,,0
1073,1,chr20,379675,0,,,0
1074,1,chr20,379905,0,,,0
1075,1,chr20,380006,0,,,0
1076,1,chr20,380302,0,,,0
1077,0,chr20,380647,0,,,
1078,1,chr20,381014,0,,,0
1079,1,chr20,381179,1,,,0
1080,1,chr20,381358,1,C,"T,,",1
1081,1,chr20,381378,1,,,0
1082,1,chr20,381404,0,,,0
1083,1,chr20,381423,1,,,0
1084,1,chr20,381430,0,,,0
1085,1,chr20,381635,0,,,0
1086,1,chr20,381637,1,A,"G,,",1
1087,1,chr20,381684,1,A,"G,,",1
1088,1,chr20,381797,1,C,"G,,",1
1089,1,chr20,381898,0,,,0
1090,1,chr20,382145,0,,,0
1091,1,chr20,382160,0,,,0
1092,1,chr20,382911,1,,,0
1093,1,chr20,382924,1,,,0
1094,1,chr20,382937,1,,,0
1095,1,chr20,383651,1,G,"A,,",1
1096,1,chr20,384099,0,,,0
1097,1,chr20,384100,0,,,0
1098,1,chr20,384160,0,,,0
1099,1,chr20,384441,0,,,0
1100,1,chr20,384851,0,,,0
1101,1,chr20,385218,0,,,0
1102,1,chr20,385969,1,C,"T,,",1
1103,1,chr20,386036,1,T,"A,,",1
1104,1,chr20,386114,0,,,0
1105,1,chr20,386160,0,,,0
1106,1,chr20,386861,0,,,0
1107,1,chr20,387181,0,,,0
1108,1,chr20,387770,0,,,0
1109,1,chr20,388007,0,,,0
1110,1,chr20,388109,0,,,0
1111,1,chr20,388240,0,,,0
1112,1,chr20,388304,0,,,0
1113,1,chr20,388327,0,,,0
1114,1,chr20,390496,0,,,0
1115,1,chr20,390858,0,,,0
1116,1,chr20,390905,0,,,0
1117,1,chr20,391137,1,C,"T,,",1
1118,1,chr20,391138,1,A,"G,,",1
1119,1,chr20,391326,0,,,0
1120,1,chr20,391328,1,T,"C,,",1
1121,1,chr20,391732,0,,,0
1122,1,chr20,392117,0,,,0
1123,1,chr20,392483,0,,,0
1124,1,chr20,392844,0,,,0
1125,0,chr20,392861,0,,,
1126,0,chr20,392943,0,,,
1127,0,chr20,393023,1,,,
1128,0,chr20,393051,0,,,
1129,0,chr20,393052,0,,,
1130,0,chr20,393053,0,,,
1131,0,chr20,393054,0,,,
1132,0,chr20,393056,0,,,
1133,0,chr20,393066,0,,,
1134,0,chr20,393140,0,,,
1135,0,chr20,393153,0,,,
1136,0,chr20,393155,0,,,
1137,0,chr20,393192,1,,,
1138,1,chr20,393417,1,A,"G,,",1
1139,1,chr20,393463,0,,,0
1140,1,chr20,393740,1,C,"T,,",1
1141,1,chr20,393795,1,A,"G,,",1
1142,0,chr20,394032,0,,,
1143,0,chr20,394077,0,,,
1144,1,chr20,394119,1,C,"T,,",1
1145,1,chr20,394301,1,C,"T,,",1
1146,1,chr20,394462,1,G,"A,,",1
1147,1,chr20,394903,0,,,0
1148,1,chr20,394955,1,A,"T,,",1
1149,1,chr20,396445,0,,,0
1150,1,chr20,396504,0,,,0
1151,1,chr20,396519,0,,,0
1152,1,chr20,396582,1,C,"T,,",1
1153,1,chr20,397283,0,,,0
1154,1,chr20,397429,0,,,0
1155,1,chr20,397497,0,,,0
1156,1,chr20,397598,1,G,"C,,",1
1157,1,chr20,398287,1,T,"C,,",1
1158,1,chr20,398312,1,C,"T,,",1
1159,1,chr20,398313,1,A,"G,,",1
1160,1,chr20,398315,1,G,"A,,",1
1161,1,chr20,398320,1,G,"A,,",1
1162,1,chr20,398324,1,T,"A,,",1
1163,1,chr20,398327,1,A,"G,,",1
1164,1,chr20,398334,1,A,"T,,",1
1165,1,chr20,398671,0,,,0
1166,1,chr20,398738,0,,,0
1167,1,chr20,399085,0,,,0
1168,1,chr20,399278,0,,,0
1169,1,chr20,399816,0,,,0
1170,1,chr20,399958,1,A,"G,,",1
1171,1,chr20,400065,0,,,0
1172,1,chr20,400146,1,C,"CT,,",1
1173,1,chr20,400336,1,T,"C,,",1
1174,1,chr20,400547,1,T,"C,,",1
1175,1,chr20,400677,1,A,"G,,",1
1176,1,chr20,400755,1,T,"C,,",1
1177,1,chr20,400797,1,T,"C,,",1
1178,1,chr20,400887,1,T,"C,,",1
1179,1,chr20,401028,0,,,0
1180,0,chr20,401702,1,,,
1181,1,chr20,401915,1,T,"C,,",1
1182,1,chr20,401983,1,A,"G,,",1
1183,1,chr20,402232,1,T,"G,,",1
1184,1,chr20,402341,0,,,0
1185,1,chr20,402354,0,,,0
1186,1,chr20,403074,0,,,0
1187,1,chr20,403077,0,,,0
1188,1,chr20,403078,0,,,0
1189,1,chr20,403105,0,,,0
1190,1,chr20,403859,1,C,"G,,",1
1191,1,chr20,404000,1,C,"T,,",1
1192,1,chr20,404254,1,A,"G,,",1
1193,1,chr20,404408,1,A,"G,,",1
1194,1,chr20,404596,2,A,"G,,",2
1195,1,chr20,405105,0,,,0
1196,1,chr20,405220,1,C,"T,,",1
1197,1,chr20,405345,1,T,"TA,,",1
1198,1,chr20,406217,1,,,0
1199,1,chr20,406218,1,,,0
1200,1,chr20,406648,1,,,0
1201,1,chr20,407083,1,A,"G,,",1
1202,1,chr20,407171,1,G,"A,,",1
1203,1,chr20,407490,0,,,0
1204,1,chr20,407569,0,,,0
1205,0,chr20,408000,1,,,
1206,0,chr20,408007,0,,,
1207,1,chr20,408112,0,,,0
1208,1,chr20,408122,0,,,0
1209,1,chr20,408648,0,,,0
1210,1,chr20,408812,1,C,"T,,",1
1211,1,chr20,408830,1,,,0
1212,1,chr20,409237,1,C,"T,,",1
1213,1,chr20,409340,1,C,"T,,",1
1214,1,chr20,410526,1,C,"T,,",1
1215,1,chr20,410632,0,,,0
1216,1,chr20,411281,1,,,0
1217,1,chr20,411575,0,,,0
1218,1,chr20,411808,0,,,0
1219,1,chr20,411938,0,,,0
1220,1,chr20,412436,0,,,0
1221,1,chr20,413334,1,A,"G,,",1
1222,1,chr20,413941,1,A,"C,,",1
1223,1,chr20,414316,0,,,0
1224,1,chr20,414317,1,T,"C,,",1
1225,1,chr20,415178,1,C,"T,,",1
1226,1,chr20,415377,0,,,0
1227,1,chr20,415512,1,A,"G,,",1
1228,1,chr20,416238,0,,,0
1229,1,chr20,417284,2,C,"T,,",2
1230,1,chr20,417634,1,G,"T,,",1
1231,1,chr20,418073,0,,,0
1232,1,chr20,418144,0,,,0
1233,1,chr20,418430,1,A,"G,,",1
1234,1,chr20,418432,1,A,"G,,",1
1235,1,chr20,418579,1,A,"G,,",1
1236,1,chr20,418601,1,T,"C,,",1
1237,1,chr20,418603,1,T,"C,,",1
1238,1,chr20,418658,1,A,"G,,",1
1239,1,chr20,419117,2,G,"A,,",2
1240,1,chr20,419592,0,,,0
1241,1,chr20,419640,0,,,0
1242,1,chr20,419804,0,,,0
1243,1,chr20,420028,0,,,0
1244,1,chr20,420228,1,A,"C,,",1
1245,1,chr20,420423,0,,,0
1246,1,chr20,420442,0,,,0
1247,1,chr20,420462,0,,,0
1248,0,chr20,420561,2,,,
1249,0,chr20,420670,0,,,
1250,0,chr20,420677,0,,,
1251,1,chr20,421237,0,,,0
1252,1,chr20,421409,2,G,"A,,",2
1253,1,chr20,421527,1,T,"C,,",1
1254,1,chr20,422066,2,A,"G,,",2
1255,1,chr20,422201,0,,,0
1256,1,chr20,422277,1,C,"G,,",1
1257,1,chr20,422548,1,G,"A,,",1
1258,1,chr20,422567,1,C,"T,,",1
1259,1,chr20,422839,0,,,0
1260,1,chr20,423009,2,T,"G,,",2
1261,1,chr20,423095,0,,,0
1262,1,chr20,423240,0,,,0
1263,1,chr20,423705,2,G,"A,,",2
1264,1,chr20,423763,2,T,"C,,",2
1265,1,chr20,424182,1,,,0
1266,1,chr20,424196,0,,,0
1267,1,chr20,424272,2,T,"C,,",2
1268,1,chr20,425279,1,,,0
1269,0,chr20,425666,0,,,
1270,0,chr20,425669,0,,,
1271,1,chr20,425728,0,,,0
1272,1,chr20,426086,0,,,0
1273,1,chr20,426872,0,,,0
1274,1,chr20,426954,0,,,0
1275,1,chr20,428572,0,,,0
1276,1,chr20,429181,0,,,0
1277,1,chr20,429521,0,,,0
1278,1,chr20,429630,0,,,0
1279,1,chr20,430222,0,,,0
1280,1,chr20,430504,0,,,0
1281,1,chr20,431198,2,G,"A,,",2
1282,1,chr20,431323,0,,,0
1283,1,chr20,432093,0,,,0
1284,1,chr20,432511,0,,,0
1285,1,chr20,432513,0,,,0
1286,1,chr20,432514,0,,,0
1287,1,chr20,432626,0,,,0
1288,1,chr20,432630,0,,,0
1289,1,chr20,432817,0,,,0
1290,1,chr20,433531,1,,,0
1291,1,chr20,434001,2,G,"T,,",2
1292,1,chr20,434420,0,,,0
1293,1,chr20,434448,0,,,0
1294,1,chr20,434449,0,,,0
1295,1,chr20,434561,2,A,"G,,",2
1296,1,chr20,434932,1,,,0
1297,1,chr20,434962,0,,,0
1298,1,chr20,435505,2,A,"G,,",2
1299,1,chr20,435650,0,,,0
1300,1,chr20,436877,0,,,0
1301,1,chr20,436968,2,T,"C,,",2
1302,1,chr20,437555,2,T,"A,,",2
1303,1,chr20,438009,1,,,0
1304,1,chr20,438098,0,,,0
1305,1,chr20,438423,2,C,"T,,",2
1306,1,chr20,438655,0,,,0
1307,1,chr20,439461,2,G,"A,,",2
1308,1,chr20,441830,0,,,0
1309,1,chr20,441831,0,,,0
1310,1,chr20,441833,0,,,0
1311,1,chr20,442258,0,,,0
1312,1,chr20,442259,1,,,0
1313,1,chr20,442328,0,,,0
1314,1,chr20,443265,0,,,0
1315,1,chr20,443397,0,,,0
1316,1,chr20,443398,0,,,0
1317,1,chr20,443554,1,G,"C,,",1
1318,1,chr20,443614,0,,,0
1319,1,chr20,443895,0,,,0
1320,1,chr20,443921,1,C,"T,,",1
1321,1,chr20,444294,0,,,0
1322,1,chr20,444305,0,,,0
1323,1,chr20,444453,1,G,"A,,",1
1324,1,chr20,444790,1,C,"T,,",1
1325,1,chr20,444962,1,C,"A,,",1
1326,1,chr20,444974,0,,,0
1327,1,chr20,445789,1,T,"C,,",1
1328,1,chr20,446022,0,,,0
1329,1,chr20,446426,1,C,"T,,",1
1330,1,chr20,446529,1,T,"C,,",1
1331,1,chr20,446686,0,,,0
1332,1,chr20,447395,1,T,"C,,",1
1333,1,chr20,447426,1,,,0
1334,1,chr20,447524,1,,,0
1335,1,chr20,448123,1,A,"C,,",1
1336,1,chr20,448284,1,C,"T,,",1
1337,1,chr20,448552,1,C,"G,,",1
1338,1,chr20,448938,0,,,0
1339,1,chr20,449078,1,G,"A,,",1
1340,0,chr20,449113,1,,,
1341,0,chr20,449266,1,T,"C,,",1
1342,1,chr20,449507,0,,,0
1343,1,chr20,450092,1,C,"T,,",1
1344,1,chr20,450858,1,T,"C,,",1
1345,1,chr20,451284,0,,,0
1346,1,chr20,451502,0,,,0
1347,1,chr20,451525,0,,,0
1348,1,chr20,452042,1,T,"C,,",1
1349,1,chr20,452135,1,C,"T,,",1
1350,1,chr20,452519,1,,,0
1351,1,chr20,452524,0,,,0
1352,1,chr20,453029,0,,,0
1353,1,chr20,453460,1,G,"A,,",1
1354,0,chr20,453540,1,,,
1355,0,chr20,453579,0,,,
1356,1,chr20,453687,0,,,0
1357,1,chr20,453766,1,,,0
1358,1,chr20,453906,0,,,0
1359,1,chr20,453995,1,G,"A,,",1
1360,1,chr20,454087,1,A,"C,,",1
1361,1,chr20,454614,1,T,"A,,",1
1362,1,chr20,454798,1,G,"C,,",1
1363,1,chr20,455705,1,,,0
1364,1,chr20,455871,1,,,0
1365,1,chr20,456005,0,,,0
1366,1,chr20,456036,0,,,0
1367,1,chr20,456045,0,,,0
1368,1,chr20,456053,1,A,"G,,",1
1369,1,chr20,456162,0,,,0
1370,1,chr20,456470,0,,,0
1371,1,chr20,456571,0,,,0
1372,1,chr20,456603,1,T,"C,,",1
1373,1,chr20,456818,1,G,"A,,",1
1374,1,chr20,457702,0,,,0
1375,0,chr20,458331,1,,,
1376,1,chr20,458461,1,G,"A,,",1
1377,1,chr20,459508,0,,,0
1378,1,chr20,459799,1,C,"T,,",1
1379,1,chr20,459852,0,,,0
1380,1,chr20,460213,0,,,0
1381,1,chr20,460464,1,C,"G,,",1
1382,1,chr20,461491,0,,,0
1383,1,chr20,461662,0,,,0
1384,1,chr20,461679,1,T,"A,,",1
1385,1,chr20,462293,1,C,"G,,",1
1386,1,chr20,462337,0,,,0
1387,1,chr20,462534,0,,,0
1388,1,chr20,462550,0,,,0
1389,1,chr20,462587,0,,,0
1390,1,chr20,462612,0,,,0
1391,1,chr20,463841,1,T,"C,,",1
1392,1,chr20,465665,0,C,"G,,",2
1393,1,chr20,465791,0,,,0
1394,1,chr20,465800,1,,,0
1395,1,chr20,465883,1,,,0
1396,1,chr20,465945,0,,,0
1397,1,chr20,468015,2,G,"A,,",2
1398,1,chr20,468082,0,,,0
1399,1,chr20,468571,0,,,0
1400,1,chr20,470060,1,C,"T,,",1
1401,1,chr20,471168,1,G,"C,,",1
1402,1,chr20,471822,0,,,0
1403,1,chr20,472424,1,A,"G,,",1
1404,1,chr20,472457,2,T,"C,,",2
1405,1,chr20,473809,0,,,0
1406,1,chr20,474395,0,,,0
1407,1,chr20,474479,0,,,0
1408,1,chr20,475346,0,,,0
1409,1,chr20,476318,0,,,0
1410,1,chr20,476409,0,,,0
1411,1,chr20,478245,0,,,0
1412,1,chr20,479082,0,,,0
1413,1,chr20,479776,0,,,0
1414,1,chr20,479777,0,,,0
1415,1,chr20,479922,0,,,0
1416,1,chr20,483982,0,,,0
1417,1,chr20,484991,1,C,"A,,",1
1418,1,chr20,484992,0,,,0
1419,0,chr20,485093,1,,,
1420,0,chr20,485095,1,,,
1421,0,chr20,485097,1,,,
1422,0,chr20,485099,1,,,
1423,0,chr20,485101,1,,,
1424,0,chr20,485103,2,,,
1425,0,chr20,485105,2,,,
1426,0,chr20,485107,2,,,
1427,0,chr20,485109,2,,,
1428,0,chr20,485138,2,,,
1429,0,chr20,485139,1,,,
1430,1,chr20,485323,0,,,0
1431,1,chr20,485386,0,,,0
1432,1,chr20,488058,0,,,0
1433,1,chr20,489154,0,,,0
1434,1,chr20,490230,0,,,0
1435,0,chr20,490335,0,,,
1436,1,chr20,492457,0,,,0
1437,1,chr20,492790,0,,,0
1438,1,chr20,494265,0,,,0
1439,1,chr20,495274,0,,,0
1440,1,chr20,495321,0,,,0
1441,1,chr20,495322,0,,,0
1442,1,chr20,495814,0,,,0
1443,1,chr20,496211,0,,,0
1444,1,chr20,496356,0,,,0
1445,1,chr20,496539,0,,,0
1446,1,chr20,496975,0,,,0
1447,1,chr20,497995,1,,,0
1448,1,chr20,498378,0,,,0
1449,1,chr20,499473,0,,,0
1450,1,chr20,499533,0,,,0
1451,1,chr20,499553,0,,,0
1452,1,chr20,500071,0,,,0
1453,1,chr20,501285,1,G,"A,,",1
1454,1,chr20,501823,0,,,0
1455,1,chr20,501883,0,,,0
1456,1,chr20,502487,1,,,0
1457,1,chr20,503283,0,,,0
1458,1,chr20,503642,0,,,0
1459,1,chr20,505207,0,,,0
1460,1,chr20,505498,1,,,0
1461,1,chr20,505570,0,,,0
1462,1,chr20,506070,1,G,"A,,",1
1463,1,chr20,506079,1,T,"C,,",1
1464,1,chr20,506080,1,G,"A,,",1
1465,1,chr20,506098,1,G,"C,,",1
1466,1,chr20,506372,0,,,0
1467,1,chr20,507967,2,G,"A,,",2
1468,1,chr20,508537,0,,,0
1469,1,chr20,509675,1,,,0
1470,1,chr20,509993,0,,,0
1471,1,chr20,511703,1,T,"C,,",1
1472,1,chr20,511954,0,,,0
1473,1,chr20,513534,0,,,0
1474,1,chr20,514573,0,,,0
1475,1,chr20,514739,0,,,0
1476,1,chr20,515368,0,,,0
1477,1,chr20,515873,0,,,0
1478,1,chr20,516427,1,,,0
1479,1,chr20,517396,0,,,0
1480,1,chr20,517854,0,,,0
1481,1,chr20,520570,1,,,0
1482,1,chr20,520638,1,,,0
1483,1,chr20,521661,0,,,0
1484,1,chr20,521811,0,,,0
1485,1,chr20,521814,0,,,0
1486,1,chr20,521876,0,,,0
1487,1,chr20,522821,0,,,0
1488,1,chr20,522830,0,,,0
1489,1,chr20,523123,0,,,0
1490,1,chr20,523777,0,,,0
1491,1,chr20,524154,0,,,0
1492,1,chr20,524933,0,,,0
1493,1,chr20,525133,1,A,"T,,",1
1494,1,chr20,525391,1,G,"A,,",1
1495,0,chr20,525668,0,,,
1496,0,chr20,525891,0,,,
1497,1,chr20,526238,1,A,"G,,",1
1498,1,chr20,526685,1,A,"G,,",1
1499,0,chr20,526985,0,,,
1500,0,chr20,527005,1,,,
1501,1,chr20,527782,1,A,"G,,",1
1502,1,chr20,528268,0,,,0
1503,1,chr20,528449,1,G,"A,,",1
1504,1,chr20,528875,0,,,0
1505,1,chr20,528876,0,,,0
1506,1,chr20,528878,0,,,0
1507,1,chr20,529110,1,,,0
1508,1,chr20,529124,0,,,0
1509,1,chr20,529130,0,,,0
1510,1,chr20,529732,0,,,0
1511,1,chr20,529765,0,,,0
1512,1,chr20,530058,1,,,0
1513,0,chr20,530468,0,,,
1514,1,chr20,530614,0,,,0
1515,1,chr20,530615,1,,,0
1516,1,chr20,530753,0,,,0
1517,1,chr20,531253,1,C,"T,,",1
1518,0,chr20,532352,1,,,
1519,1,chr20,532830,0,,,0
1520,1,chr20,533815,1,G,"C,,",1
1521,1,chr20,535629,1,A,"G,,",1
1522,1,chr20,535685,1,G,"A,,",1
1523,1,chr20,535939,0,,,0
1524,1,chr20,537243,1,C,"T,,",1
1525,1,chr20,537771,1,,,0
1526,1,chr20,538108,1,A,"G,,",1
1527,1,chr20,538212,0,,,0
1528,1,chr20,539053,1,T,"C,,",1
1529,1,chr20,539412,0,,,0
1530,1,chr20,540859,0,,,0
1531,1,chr20,541244,1,T,"C,,",1
1532,1,chr20,541502,1,A,"G,,",1
1533,1,chr20,541778,0,,,0
1534,1,chr20,542065,0,,,0
1535,1,chr20,542158,0,,,0
1536,1,chr20,542446,0,,,0
1537,1,chr20,542623,1,G,"A,,",1
1538,1,chr20,543150,0,,,0
1539,1,chr20,543202,1,,,0
1540,1,chr20,543203,1,,,0
1541,1,chr20,543518,0,,,0
1542,1,chr20,543519,0,,,0
1543,1,chr20,543520,0,,,0
1544,1,chr20,543565,0,,,0
1545,1,chr20,543574,0,,,0
1546,1,chr20,544089,1,,,0
1547,1,chr20,544148,0,,,0
1548,1,chr20,544960,0,,,0
1549,1,chr20,545029,0,,,0
1550,1,chr20,545973,1,A,"G,,",1
1551,1,chr20,547548,1,T,"G,,",1
1552,1,chr20,548222,1,C,"T,,",1
1553,0,chr20,548634,0,,,
1554,1,chr20,548690,0,,,0
1555,1,chr20,548724,0,,,0
1556,1,chr20,548971,1,C,"T,,",1
1557,1,chr20,549092,1,C,"T,,",1
1558,1,chr20,549227,1,C,"T,,",1
1559,1,chr20,549662,1,,,0
1560,1,chr20,549979,0,,,0
1561,1,chr20,550104,1,T,"A,,",1
1562,1,chr20,550875,0,,,0
1563,1,chr20,551159,1,,,0
1564,1,chr20,551424,1,G,"T,,",1
1565,1,chr20,551459,1,C,"G,,",1
1566,1,chr20,551804,0,,,0
1567,1,chr20,552091,0,,,0
1568,1,chr20,552768,0,,,0
1569,1,chr20,552936,0,,,0
1570,0,chr20,553309,0,,,
1571,1,chr20,553883,0,,,0
1572,1,chr20,555684,0,,,0
1573,1,chr20,555892,2,T,"G,,",2
1574,1,chr20,556119,1,G,"T,,",1
1575,1,chr20,556141,2,A,"G,,",2
1576,1,chr20,556356,1,G,"A,,",1
1577,1,chr20,556431,1,T,"A,,",1
1578,1,chr20,556435,1,G,"A,,",1
1579,1,chr20,556632,2,T,"C,,",2
1580,1,chr20,556794,2,T,"C,,",2
1581,0,chr20,556883,2,,,
1582,0,chr20,556885,2,,,
1583,0,chr20,556887,2,,,
1584,0,chr20,556889,2,,,
1585,1,chr20,557076,0,,,0
1586,1,chr20,557559,2,T,"C,,",2
1587,1,chr20,557591,2,T,"C,,",2
1588,1,chr20,557603,2,C,"T,,",2
1589,1,chr20,557894,0,,,0
1590,1,chr20,558185,2,T,"C,,",2
1591,1,chr20,558368,0,,,0
1592,1,chr20,558374,2,T,"G,,",2
1593,1,chr20,558479,2,G,"C,,",2
1594,1,chr20,558558,0,,,0
1595,1,chr20,558928,2,G,"A,,",2
1596,1,chr20,559006,2,T,"G,,",2
1597,1,chr20,559189,2,A,"C,,",2
1598,1,chr20,559234,2,G,"A,,",2
1599,1,chr20,559235,0,,,0
1600,0,chr20,560063,2,,,
1601,0,chr20,560103,2,,,
1602,1,chr20,560343,1,C,"T,,",1
1603,1,chr20,560437,0,,,0
1604,1,chr20,560722,0,,,0
1605,1,chr20,560945,2,T,"G,,",2
1606,1,chr20,561211,2,A,"G,,",2
1607,1,chr20,561986,0,,,0
1608,1,chr20,562030,2,T,"C,,",2
1609,1,chr20,562133,2,A,"G,,",2
1610,1,chr20,562642,2,T,"C,,",2
1611,1,chr20,562657,2,G,"A,,",2
1612,1,chr20,562925,1,,,0
1613,1,chr20,562994,2,C,"T,,",2
1614,1,chr20,563097,0,,,0
1615,1,chr20,563761,0,,,0
1616,1,chr20,563773,2,G,"C,,",2
1617,1,chr20,564271,2,T,"C,,",2
1618,1,chr20,564553,1,T,"G,,",1
1619,1,chr20,564847,1,,,0
1620,1,chr20,564848,1,,,0
1621,1,chr20,565532,0,,,0
1622,1,chr20,565902,1,G,"A,,",1
1623,1,chr20,565959,0,,,0
1624,1,chr20,565980,2,C,"T,,",2
1625,1,chr20,566096,2,T,"C,,",2
1626,1,chr20,567105,1,T,"G,,",1
1627,1,chr20,567573,0,,,0
1628,1,chr20,567598,0,,,0
1629,1,chr20,568264,0,,,0
1630,1,chr20,568286,1,C,"G,,",1
1631,1,chr20,568436,0,,,0
1632,1,chr20,568533,0,,,0
1633,1,chr20,568549,0,,,0
1634,1,chr20,568660,0,,,0
1635,1,chr20,568720,1,C,"T,,",1
1636,1,chr20,569261,1,C,"G,,",1
1637,1,chr20,569263,1,C,"T,,",1
1638,1,chr20,569274,1,G,"C,,",1
1639,1,chr20,569446,1,T,"A,,",1
1640,1,chr20,569497,0,,,0
1641,1,chr20,569520,1,A,"G,,",1
1642,1,chr20,569956,1,T,"C,,",1
1643,1,chr20,570086,0,,,0
1644,1,chr20,570264,1,,,0
1645,1,chr20,570334,0,,,0
1646,1,chr20,570390,1,C,"T,,",1
1647,1,chr20,570410,1,T,"G,,",1
1648,1,chr20,570752,1,C,"A,,",1
1649,1,chr20,570832,0,,,0
1650,1,chr20,571885,0,,,0
1651,1,chr20,571890,0,,,0
1652,1,chr20,572085,0,,,0
1653,1,chr20,573141,1,C,"T,,",1
1654,1,chr20,573760,0,,,0
1655,1,chr20,574375,0,,,0
1656,1,chr20,574503,0,,,0
1657,1,chr20,574712,1,,,0
1658,1,chr20,575815,1,,,0
1659,1,chr20,576766,0,,,0
1660,1,chr20,577249,0,,,0
1661,1,chr20,577319,0,,,0
1662,1,chr20,577483,0,,,0
1663,1,chr20,577562,0,,,0
1664,1,chr20,577680,0,,,0
1665,1,chr20,577822,0,,,0
1666,1,chr20,578868,0,,,0
1667,1,chr20,579248,0,,,0
1668,1,chr20,580481,2,T,"C,,",2
1669,1,chr20,580846,0,,,0
1670,1,chr20,580899,1,A,"T,,",1
1671,1,chr20,581272,1,A,"G,,",1
1672,1,chr20,581577,1,A,"T,,",1
1673,1,chr20,581670,2,G,"T,,",2
1674,1,chr20,581801,2,C,"A,,",2
1675,0,chr20,582041,1,C,"T,,",1
1676,0,chr20,582042,0,,,
1677,1,chr20,582200,0,,,0
1678,1,chr20,582389,1,A,"G,,",1
1679,1,chr20,582917,0,,,0
1680,1,chr20,583079,1,,,0
1681,1,chr20,583126,1,,,0
1682,1,chr20,583353,1,A,"C,,",1
1683,1,chr20,583466,1,A,"G,,",1
1684,0,chr20,583895,1,,,
1685,1,chr20,584176,0,,,0
1686,1,chr20,584249,2,A,"G,,",2
1687,1,chr20,584433,1,C,"T,,",1
1688,1,chr20,584664,1,T,"C,,",1
1689,1,chr20,584861,1,C,"T,,",1
1690,1,chr20,585289,2,G,"A,,",2
1691,1,chr20,585341,1,T,"C,,",1
1692,0,chr20,585739,1,,,
1693,0,chr20,585749,1,,,
1694,0,chr20,585768,1,,,
1695,1,chr20,586124,1,T,"C,,",1
1696,1,chr20,586192,0,,,0
1697,1,chr20,586217,0,,,0
1698,1,chr20,586280,1,C,"T,,",1
1699,1,chr20,586536,1,T,"C,,",1
1700,1,chr20,586576,0,,,0
1701,1,chr20,586933,0,,,0
1702,1,chr20,588052,1,G,"T,,",1
1703,1,chr20,588077,1,G,"A,,",1
1704,1,chr20,588809,0,,,0
1705,1,chr20,589116,0,,,0
1706,1,chr20,589570,0,,,0
1707,1,chr20,590965,0,,,0
1708,1,chr20,591719,1,,,0
1709,1,chr20,592228,1,G,"C,,",1
1710,1,chr20,592392,1,T,"C,,",1
1711,1,chr20,592999,1,,,0
1712,0,chr20,593097,1,T,"C,,",1
1713,0,chr20,593123,2,,,
1714,0,chr20,593238,1,,,
1715,1,chr20,593419,0,,,0
1716,1,chr20,593638,1,A,"G,,",1
1717,1,chr20,593664,1,G,"A,,",1
1718,1,chr20,594102,0,,,0
1719,1,chr20,594186,0,,,0
1720,0,chr20,594504,0,,,
1721,1,chr20,594903,0,,,0
1722,1,chr20,595153,0,,,0
1723,1,chr20,595269,0,,,0
1724,1,chr20,595284,0,,,0
1725,1,chr20,595350,0,,,0
1726,1,chr20,595355,0,,,0
1727,1,chr20,595396,0,,,0
1728,1,chr20,595497,0,,,0
1729,1,chr20,595711,1,,,0
1730,1,chr20,595774,0,,,0
1731,1,chr20,596013,0,,,0
1732,1,chr20,596016,0,,,0
1733,1,chr20,596019,1,,,0
1734,1,chr20,596656,1,A,"C,,",1
1735,1,chr20,597212,1,G,"A,,",1
1736,1,chr20,597374,1,A,"C,,",1
1737,1,chr20,598011,0,,,0
1738,1,chr20,598263,1,C,"A,,",1
1739,1,chr20,598681,0,,,0
1740,1,chr20,599013,1,A,"G,,",1
1741,1,chr20,599421,1,C,"T,,",1
1742,1,chr20,599705,0,,,0
1743,1,chr20,600144,0,,,0
1744,1,chr20,600467,0,,,0
1745,1,chr20,600604,2,A,"T,,",2
1746,1,chr20,600839,1,G,"A,,",1
1747,1,chr20,600859,0,,,0
1748,1,chr20,600991,1,A,"C,,",1
1749,1,chr20,601416,0,,,0
1750,1,chr20,601417,0,,,0
1751,1,chr20,602460,1,T,"G,,",1
1752,1,chr20,602469,0,,,0
1753,1,chr20,602533,1,,,0
1754,1,chr20,602899,0,,,0
1755,1,chr20,603044,0,,,0
1756,1,chr20,603438,0,,,0
1757,1,chr20,604129,1,,,0
1758,1,chr20,604566,0,,,0
1759,1,chr20,604567,0,,,0
1760,1,chr20,604657,0,,,0
1761,1,chr20,604879,0,,,0
1762,1,chr20,605123,1,,,0
1763,1,chr20,605260,0,,,0
1764,1,chr20,605316,0,,,0
1765,1,chr20,605787,0,,,0
1766,1,chr20,606041,0,,,0
1767,1,chr20,606311,2,G,"T,,",2
1768,1,chr20,606336,0,,,0
1769,1,chr20,606720,1,,,0
1770,1,chr20,606765,0,,,0
1771,1,chr20,606780,1,T,"G,,",1
1772,1,chr20,606782,1,,,0
1773,1,chr20,607272,1,C,"T,,",1
1774,1,chr20,607445,2,A,"C,,",2
1775,1,chr20,607522,1,G,"A,,",1
1776,1,chr20,607633,1,C,"T,,",1
1777,1,chr20,608989,1,G,"A,,",1
1778,1,chr20,609427,0,,,0
1779,1,chr20,609601,0,,,0
1780,1,chr20,609648,1,,,0
1781,1,chr20,609675,1,,,0
1782,1,chr20,609771,0,,,0
1783,1,chr20,609812,2,A,"G,,",2
1784,1,chr20,609829,0,,,0
1785,1,chr20,609898,2,C,"G,,",2
1786,1,chr20,609899,2,G,"C,,",2
1787,1,chr20,609970,0,,,0
1788,1,chr20,610061,1,,,0
1789,1,chr20,610256,2,T,"C,,",2
1790,1,chr20,610269,0,,,0
1791,1,chr20,610319,1,,,0
1792,1,chr20,610320,0,,,0
1793,1,chr20,610355,0,,,0
1794,1,chr20,610356,1,,,0
1795,1,chr20,610423,0,,,0
1796,1,chr20,610830,0,,,0
1797,1,chr20,610966,1,G,"A,,",1
1798,1,chr20,611394,2,C,"T,,",2
1799,1,chr20,611520,0,,,0
1800,1,chr20,611743,0,,,0
1801,1,chr20,611826,1,G,"A,,",1
1802,1,chr20,611881,2,A,"G,,",2
1803,1,chr20,611903,0,,,0
1804,1,chr20,612157,2,T,"G,,",2
1805,1,chr20,612432,2,T,"C,,",2
1806,1,chr20,612591,0,,,0
1807,1,chr20,612664,2,T,"C,,",2
1808,1,chr20,612674,1,A,"G,,",1
1809,0,chr20,613741,0,,,
1810,0,chr20,614408,1,C,"T,,",1
1811,0,chr20,614473,1,C,"A,,",1
1812,0,chr20,614492,1,T,"C,TAC,",-1
1813,0,chr20,614494,1,T,"C,,",1
1814,0,chr20,614496,1,C,"T,,",1
1815,0,chr20,614555,1,A,"T,,",1
1816,0,chr20,614561,1,A,"G,,",1
1817,1,chr20,614673,0,,,0
1818,1,chr20,614710,1,A,"G,,",1
1819,1,chr20,615045,1,G,"C,,",1
1820,1,chr20,615365,0,,,0
1821,1,chr20,615396,0,,,0
1822,1,chr20,615409,1,C,"T,,",1
1823,1,chr20,615423,0,,,0
1824,1,chr20,615455,1,C,"G,,",1
1825,1,chr20,615471,2,T,"G,,",2
1826,1,chr20,615678,0,,,0
1827,1,chr20,615863,1,G,"A,,",1
1828,1,chr20,616031,1,G,"A,,",1
1829,1,chr20,616559,1,T,"G,,",1
1830,1,chr20,616743,1,C,"A,,",1
1831,1,chr20,616909,0,,,0
1832,1,chr20,617022,1,T,"A,,",1
1833,1,chr20,617094,2,G,"C,,",2
1834,1,chr20,617374,0,,,0
1835,1,chr20,617427,1,G,"A,,",1
1836,1,chr20,617634,1,T,"C,,",1
1837,1,chr20,617892,2,T,"C,,",2
1838,1,chr20,618050,1,C,"T,,",1
1839,1,chr20,618051,1,G,"A,,",1
1840,1,chr20,619223,1,C,"G,,",1
1841,1,chr20,620320,2,C,"T,,",2
1842,1,chr20,620391,2,C,"T,,",2
1843,1,chr20,620438,0,,,0
1844,1,chr20,621567,1,,,0
1845,1,chr20,621742,1,A,"G,,",1
1846,1,chr20,622380,1,C,"T,,",1
1847,1,chr20,622562,1,A,"G,,",1
1848,1,chr20,622615,2,C,"A,,",2
1849,1,chr20,622616,0,,,0
1850,1,chr20,622976,1,G,"T,,",1
1851,1,chr20,623177,0,,,0
1852,1,chr20,623225,0,,,0
1853,1,chr20,623791,0,,,0
1854,1,chr20,624131,1,G,"T,,",1
1855,1,chr20,624205,0,,,0
1856,1,chr20,624618,1,C,"T,,",1
1857,1,chr20,624679,2,A,"G,,",2
1858,1,chr20,625245,1,C,"T,,",1
1859,1,chr20,625293,2,A,"G,,",2
1860,1,chr20,625574,1,,,0
1861,1,chr20,626070,1,G,"A,,",1
1862,1,chr20,626301,1,T,"A,,",1
1863,1,chr20,626305,1,G,"C,,",1
1864,1,chr20,626441,1,G,"A,,",1
1865,1,chr20,626569,1,G,"A,,",1
1866,1,chr20,626950,1,C,"T,,",1
1867,1,chr20,627161,1,T,"C,,",1
1868,1,chr20,627545,1,,,0
1869,1,chr20,628116,1,G,"A,,",1
1870,1,chr20,628203,2,G,"C,,",2
1871,1,chr20,628339,2,A,"G,,",2
1872,1,chr20,628698,1,C,"G,,",1
1873,1,chr20,628723,1,G,"A,,",1
1874,1,chr20,628961,1,C,"T,,",1
1875,1,chr20,629302,1,G,"A,,",1
1876,1,chr20,629442,0,,,0
1877,1,chr20,629494,1,G,"T,,",1
1878,1,chr20,629678,1,T,"C,,",1
1879,1,chr20,629896,0,,,0
1880,1,chr20,629911,1,C,"T,,",1
1881,1,chr20,629941,1,A,"G,,",1
1882,1,chr20,630017,1,T,"C,,",1
1883,1,chr20,630420,1,G,"A,,",1
1884,1,chr20,630708,1,T,"C,,",1
1885,1,chr20,630817,0,,,0
1886,1,chr20,631945,1,T,"C,,",1
1887,1,chr20,631946,0,,,0
1888,1,chr20,632007,1,G,"A,,",1
1889,1,chr20,632024,1,T,"C,,",1
1890,1,chr20,632038,1,G,"A,,",1
1891,1,chr20,632119,1,G,"A,,",1
1892,1,chr20,633405,0,,,0
1893,1,chr20,633707,0,,,0
1894,1,chr20,633850,1,T,"C,,",1
1895,1,chr20,634306,1,G,"A,,",1
1896,1,chr20,634367,1,T,"C,,",1
1897,1,chr20,634490,1,G,"C,,",1
1898,1,chr20,634555,0,,,0
1899,1,chr20,634915,1,A,"G,,",1
1900,1,chr20,635311,0,,,0
1901,1,chr20,635389,0,,,0
1902,1,chr20,635664,1,,,0
1903,1,chr20,636332,0,,,0
1904,1,chr20,636333,0,,,0
1905,1,chr20,636764,1,,,0
1906,1,chr20,638364,0,,,0
1907,1,chr20,638609,0,,,0
1908,1,chr20,638748,1,C,"G,,",1
1909,1,chr20,638918,1,G,"T,,",1
1910,1,chr20,639391,0,,,0
1911,1,chr20,639513,0,,,0
1912,1,chr20,639514,0,,,0
1913,1,chr20,640046,1,C,"T,,",1
1914,1,chr20,640049,2,C,"T,,",2
1915,1,chr20,640759,0,,,0
1916,1,chr20,641459,0,,,0
1917,0,chr20,641878,1,,,
1918,0,chr20,641914,0,,,
1919,0,chr20,641980,0,,,
1920,0,chr20,642069,1,,,
1921,0,chr20,642076,0,,,
1922,0,chr20,642123,1,,,
1923,0,chr20,642139,0,,,
1924,0,chr20,642173,1,,,
1925,0,chr20,642207,0,,,
1926,0,chr20,642255,1,,,
1927,0,chr20,642262,2,,,
1928,0,chr20,642265,2,,,
1929,0,chr20,642271,2,,,
1930,0,chr20,642284,2,,,
1931,0,chr20,642287,0,,,
1932,0,chr20,642300,2,,,
1933,0,chr20,642330,2,,,
1934,0,chr20,642362,2,,,
1935,0,chr20,642391,2,,,
1936,0,chr20,642420,2,,,
1937,0,chr20,642466,1,,,
1938,1,chr20,642747,0,,,0
1939,1,chr20,642814,0,,,0
1940,1,chr20,642861,1,G,"T,,",1
1941,1,chr20,643753,0,,,0
1942,1,chr20,643827,1,C,"T,,",1
1943,1,chr20,643930,0,,,0
1944,1,chr20,644051,0,,,0
1945,1,chr20,644423,1,A,"G,,",1
1946,1,chr20,645437,1,G,"A,,",1
1947,1,chr20,645520,2,T,"A,,",2
1948,1,chr20,645576,0,,,0
1949,1,chr20,645645,1,G,"A,,",1
1950,1,chr20,645654,0,,,0
1951,1,chr20,645912,0,,,0
1952,1,chr20,646024,1,,,0
1953,0,chr20,646127,0,,,
1954,1,chr20,646331,1,G,"C,,",1
1955,0,chr20,646526,2,,,
1956,1,chr20,646614,1,CT,"C,,",1
1957,1,chr20,648231,0,,,0
1958,1,chr20,648246,2,T,"C,,",2
1959,1,chr20,648569,2,T,"C,,",2
1960,1,chr20,649005,1,T,"A,,",1
1961,1,chr20,649182,1,T,"C,,",1
1962,0,chr20,649687,0,,,
1963,0,chr20,649716,1,,,
1964,1,chr20,649880,1,,,0
1965,1,chr20,649983,1,T,"C,,",1
1966,1,chr20,650242,0,,,0
1967,1,chr20,650254,1,G,"A,,",1
1968,1,chr20,650326,2,A,"G,,",2
1969,1,chr20,650473,1,A,"G,,",1
1970,1,chr20,650525,1,C,"T,,",1
1971,1,chr20,650651,1,C,"T,,",1
1972,1,chr20,650723,1,T,"C,,",1
1973,1,chr20,650783,0,,,0
1974,1,chr20,651163,0,,,0
1975,1,chr20,651264,2,C,"T,,",2
1976,1,chr20,651370,0,,,0
1977,1,chr20,651860,1,G,"A,,",1
1978,1,chr20,652315,1,C,"T,,",1
1979,1,chr20,652505,1,G,"A,,",1
1980,1,chr20,652533,0,,,0
1981,1,chr20,653324,1,G,"A,,",1
1982,1,chr20,653608,0,,,0
1983,1,chr20,653790,2,A,"C,,",2
1984,1,chr20,653820,2,G,"T,,",2
1985,1,chr20,653927,1,,,0
1986,1,chr20,653977,1,C,"T,,",1
1987,1,chr20,654318,0,,,0
1988,1,chr20,654666,1,T,"A,,",1
1989,1,chr20,654985,0,,,0
1990,1,chr20,655238,0,,,0
1991,1,chr20,655630,0,,,0
1992,1,chr20,656194,1,A,"G,,",1
1993,1,chr20,656331,0,,,0
1994,1,chr20,656719,0,,,0
1995,1,chr20,656863,0,,,0
1996,1,chr20,657950,0,,,0
1997,1,chr20,657952,0,,,0
1998,1,chr20,658017,0,,,0
1999,1,chr20,658018,0,,,0
2000,1,chr20,658277,1,A,"G,,",1
2001,1,chr20,658337,0,,,0
2002,1,chr20,658453,0,,,0
2003,1,chr20,659549,1,,,0
2004,1,chr20,659768,1,C,"A,,",1
2005,0,chr20,660145,2,A,"G,,",2
2006,0,chr20,660146,0,,,
2007,0,chr20,660346,1,A,"C,,",1
2008,0,chr20,660433,0,,,
2009,0,chr20,660640,2,C,"A,,",2
2010,1,chr20,660721,0,,,0
2011,1,chr20,660909,1,G,"T,,",1
2012,1,chr20,661249,2,G,"A,,",2
2013,1,chr20,661631,0,,,0
2014,1,chr20,661794,0,,,0
2015,1,chr20,661915,0,,,0
2016,1,chr20,662234,0,,,0
2017,1,chr20,662240,1,,,0
2018,1,chr20,662407,0,,,0
2019,1,chr20,662590,0,,,0
2020,1,chr20,663033,1,A,"G,,",1
2021,1,chr20,663605,0,,,0
2022,1,chr20,663939,0,,,0
2023,1,chr20,663948,0,,,0
2024,1,chr20,663952,1,,,0
2025,1,chr20,664029,0,,,0
2026,1,chr20,664035,0,,,0
2027,1,chr20,664060,0,,,0
2028,1,chr20,664069,0,,,0
2029,0,chr20,664225,0,,,
2030,0,chr20,664236,0,,,
2031,1,chr20,664335,1,,,0
2032,1,chr20,664341,0,,,0
2033,1,chr20,664374,0,,,0
2034,1,chr20,664377,0,,,0
2035,1,chr20,664378,0,,,0
2036,1,chr20,664382,0,,,0
2037,1,chr20,664459,0,,,0
2038,1,chr20,664530,0,,,0
2039,1,chr20,664711,0,,,0
2040,1,chr20,665209,2,T,"C,,",2
2041,1,chr20,665270,1,G,"C,,",1
2042,1,chr20,665383,0,,,0
2043,1,chr20,665441,0,,,0
2044,1,chr20,665483,2,A,"G,,",2
2045,1,chr20,665760,0,,,0
2046,1,chr20,666690,1,C,"T,,",1
2047,1,chr20,667092,2,G,"A,,",2
2048,1,chr20,667181,1,G,"A,,",1
2049,1,chr20,667787,1,T,"G,,",1
2050,0,chr20,668172,1,C,"T,,",1
2051,0,chr20,668176,1,T,"C,,",1
2052,1,chr20,668345,1,A,"G,,",1
2053,1,chr20,668789,0,,,0
2054,1,chr20,668827,0,,,0
2055,1,chr20,668836,0,,,0
2056,1,chr20,668838,0,,,0
2057,1,chr20,669291,1,A,"G,,",1
2058,1,chr20,670411,0,,,0
2059,1,chr20,670557,0,,,0
2060,1,chr20,670972,0,,,0
2061,1,chr20,670996,1,A,"G,,",1
2062,1,chr20,671283,0,,,0
2063,1,chr20,671453,1,T,"C,,",1
2064,1,chr20,671595,1,C,"G,,",1
2065,1,chr20,672290,1,T,"C,,",1
2066,1,chr20,672422,1,T,"C,,",1
2067,1,chr20,672604,0,,,0
2068,1,chr20,672918,0,,,0
2069,1,chr20,672968,0,,,0
2070,1,chr20,673008,1,G,"A,,",1
2071,1,chr20,673280,0,,,0
2072,1,chr20,673547,1,A,"C,,",1
2073,1,chr20,673815,0,,,0
2074,0,chr20,674401,1,,,
2075,0,chr20,674403,1,,,
2076,0,chr20,674405,1,,,
2077,0,chr20,674407,1,,,
2078,0,chr20,674409,1,,,
2079,0,chr20,674411,1,,,
2080,0,chr20,674413,0,,,
2081,1,chr20,675215,0,,,0
2082,1,chr20,675264,0,,,0
2083,1,chr20,675497,0,,,0
2084,1,chr20,675550,0,,,0
2085,1,chr20,675784,0,,,0
2086,1,chr20,675808,0,,,0
2087,1,chr20,676166,1,G,"C,,",1
2088,1,chr20,676168,0,,,0
2089,1,chr20,676258,0,,,0
2090,1,chr20,676335,0,,,0
2091,1,chr20,676509,0,,,0
2092,1,chr20,676800,0,,,0
2093,1,chr20,676863,0,,,0
2094,1,chr20,677148,0,,,0
2095,1,chr20,677219,1,T,"C,,",1
2096,1,chr20,677530,0,,,0
2097,1,chr20,677821,0,,,0
2098,1,chr20,678191,2,T,"C,,",2
2099,1,chr20,678230,1,T,"C,,",1
2100,1,chr20,678305,1,C,"T,,",1
2101,1,chr20,678839,1,A,"T,,",1
2102,1,chr20,678910,0,,,0
2103,1,chr20,679482,1,T,"G,,",1
2104,1,chr20,679483,1,T,"G,,",1
2105,1,chr20,679731,0,,,0
2106,1,chr20,680047,1,A,"G,,",1
2107,1,chr20,681171,0,,,0
2108,1,chr20,681354,0,,,0
2109,1,chr20,682463,1,C,"G,,",1
2110,1,chr20,683289,0,,,0
2111,1,chr20,683498,1,G,"A,,",1
2112,1,chr20,683945,0,,,0
2113,1,chr20,684147,1,,,0
2114,1,chr20,684462,0,,,0
2115,1,chr20,684734,1,A,"G,,",1
2116,1,chr20,684907,1,A,"G,,",1
2117,1,chr20,685382,0,,,0
2118,1,chr20,685645,0,,,0
2119,1,chr20,685844,0,,,0
2120,1,chr20,686794,1,A,"G,,",1
2121,1,chr20,686993,0,,,0
2122,1,chr20,687380,1,T,"C,,",1
2123,1,chr20,687591,0,,,0
2124,1,chr20,687915,2,T,"C,,",2
2125,1,chr20,688002,2,C,"G,,",2
2126,1,chr20,688545,0,,,0
2127,1,chr20,689007,1,A,"G,,",1
2128,1,chr20,689085,0,,,0
2129,1,chr20,689130,1,,,0
2130,1,chr20,689613,1,T,"C,,",1
2131,1,chr20,690105,1,A,"G,,",1
2132,1,chr20,690853,1,T,"C,,",1
2133,1,chr20,690947,1,C,"G,,",1
2134,1,chr20,691923,1,A,"G,,",1
2135,1,chr20,692698,0,C,"CTT,,",1
2136,1,chr20,692930,0,,,0
2137,1,chr20,692931,0,,,0
2138,1,chr20,692996,1,T,"C,,",1
2139,1,chr20,693104,1,T,"C,,",1
2140,1,chr20,693254,1,,,0
2141,1,chr20,693463,1,G,"A,,",1
2142,1,chr20,694203,1,C,"T,,",1
2143,1,chr20,694678,1,C,"G,,",1
2144,1,chr20,695001,1,G,"A,,",1
2145,1,chr20,695259,1,A,"G,,",1
2146,1,chr20,695545,0,,,0
2147,1,chr20,695798,1,T,"G,,",1
2148,1,chr20,695931,1,A,"T,,",1
2149,1,chr20,696160,1,G,"A,,",1
2150,1,chr20,696329,1,,,0
2151,1,chr20,697221,1,A,"G,,",1
2152,1,chr20,697409,1,G,"A,,",1
2153,1,chr20,697927,1,,,0
2154,1,chr20,698075,0,,,0
2155,1,chr20,698083,1,C,"T,,",1
2156,1,chr20,698123,1,T,"G,,",1
2157,1,chr20,698450,0,,,0
2158,1,chr20,698627,1,A,"G,,",1
2159,1,chr20,698981,1,,,0
2160,1,chr20,699263,0,,,0
2161,1,chr20,700479,0,,,0
2162,1,chr20,700855,0,,,0
2163,1,chr20,701222,0,,,0
2164,1,chr20,701245,0,,,0
2165,1,chr20,701881,0,,,0
2166,1,chr20,702621,0,,,0
2167,1,chr20,702972,1,G,"A,,",1
2168,1,chr20,703358,0,,,0
2169,1,chr20,703525,0,,,0
2170,1,chr20,703669,0,,,0
2171,1,chr20,703855,0,,,0
2172,1,chr20,704085,0,,,0
2173,1,chr20,704201,0,,,0
2174,1,chr20,704662,1,C,"T,,",1
2175,1,chr20,704704,1,A,"G,,",1
2176,1,chr20,704741,0,,,0
2177,1,chr20,705070,1,C,"A,,",1
2178,1,chr20,705072,0,,,0
2179,1,chr20,705212,1,A,"G,,",1
2180,1,chr20,705321,0,,,0
2181,1,chr20,705650,1,T,"C,,",1
2182,1,chr20,705687,0,,,0
2183,1,chr20,706757,1,C,"A,,",1
2184,1,chr20,707128,2,T,"C,,",2
2185,1,chr20,707624,0,,,0
2186,1,chr20,707704,1,C,"G,,",1
2187,1,chr20,707934,0,,,0
2188,1,chr20,708199,1,C,"T,,",1
2189,1,chr20,708291,0,,,0
2190,1,chr20,708515,0,,,0
2191,1,chr20,708747,1,C,"A,,",1
2192,1,chr20,708784,1,G,"C,,",1
2193,0,chr20,709576,0,,,
2194,0,chr20,709589,0,,,
2195,0,chr20,709681,0,,,
2196,0,chr20,709830,0,,,
2197,0,chr20,709848,2,,,
2198,1,chr20,710160,1,,,0
2199,1,chr20,710173,0,,,0
2200,1,chr20,710565,1,,,0
2201,1,chr20,710597,0,,,0
2202,1,chr20,710789,1,A,"C,,",1
2203,1,chr20,710862,0,,,0
2204,1,chr20,710875,0,,,0
2205,1,chr20,710948,1,G,"A,,",1
2206,1,chr20,711177,1,A,"G,,",1
2207,1,chr20,711199,0,,,0
2208,1,chr20,711562,2,A,"G,,",2
2209,1,chr20,711631,2,T,"C,,",2
2210,1,chr20,712781,0,,,0
2211,1,chr20,712852,0,,,0
2212,1,chr20,713101,2,C,"G,,",2
2213,1,chr20,713208,2,T,"A,,",2
2214,1,chr20,713417,2,C,"G,,",2
2215,1,chr20,713545,0,,,0
2216,1,chr20,713546,0,,,0
2217,1,chr20,713634,0,,,0
2218,1,chr20,713696,0,,,0
2219,1,chr20,713902,0,,,0
2220,1,chr20,715026,2,T,"C,,",2
2221,1,chr20,715432,0,,,0
2222,1,chr20,715559,2,A,"C,,",2
2223,1,chr20,715567,2,C,"T,,",2
2224,1,chr20,715836,2,C,"A,,",2
2225,1,chr20,716990,0,,,0
2226,1,chr20,717272,1,G,"A,,",1
2227,1,chr20,718003,0,,,0
2228,1,chr20,718187,0,,,0
2229,1,chr20,718189,0,,,0
2230,1,chr20,718343,1,G,"T,,",1
2231,1,chr20,718391,1,G,"C,,",1
2232,1,chr20,718942,0,,,0
2233,1,chr20,719351,1,,,0
2234,1,chr20,719464,1,G,"C,,",1
2235,1,chr20,719785,0,,,0
2236,1,chr20,720049,0,,,0
2237,1,chr20,720501,1,G,"A,,",1
2238,1,chr20,720868,1,C,"G,,",1
2239,1,chr20,721062,0,,,0
2240,1,chr20,721448,0,,,0
2241,1,chr20,722412,1,G,"T,,",1
2242,1,chr20,722837,0,,,0
2243,1,chr20,723134,1,C,"T,,",1
2244,1,chr20,723311,2,A,"G,,",2
2245,1,chr20,723709,1,C,"T,,",1
2246,1,chr20,723727,1,T,"C,,",1
2247,1,chr20,724055,1,T,"C,,",1
2248,1,chr20,724183,0,,,0
2249,1,chr20,724750,1,,,0
2250,1,chr20,725258,0,,,0
2251,1,chr20,725722,0,,,0
2252,1,chr20,726115,1,A,"G,,",1
2253,1,chr20,726847,1,A,"G,,",1
2254,1,chr20,727050,1,A,"G,,",1
2255,1,chr20,727183,1,T,"A,,",1
2256,1,chr20,727236,1,G,"A,,",1
2257,1,chr20,727238,0,,,0
2258,1,chr20,727295,1,A,"C,,",1
2259,0,chr20,727598,0,,,
2260,0,chr20,727615,0,C,"A,CGA,",-1
2261,0,chr20,727633,0,,,
2262,1,chr20,727774,1,A,"G,,",1
2263,1,chr20,727926,1,C,"G,,",1
2264,1,chr20,727931,0,,,0
2265,1,chr20,727966,1,,,0
2266,1,chr20,727967,0,,,0
2267,1,chr20,727973,0,,,0
2268,1,chr20,728053,1,,,0
2269,1,chr20,728062,2,A,"C,,",2
2270,1,chr20,728255,1,,,0
2271,1,chr20,728326,1,A,"G,,",1
2272,1,chr20,728330,1,G,"C,,",1
2273,1,chr20,728488,1,T,"G,,",1
2274,1,chr20,728679,2,C,"T,,",2
2275,1,chr20,728689,2,C,"T,,",2
2276,1,chr20,728722,2,G,"C,,",2
2277,1,chr20,728723,0,,,0
2278,1,chr20,728845,0,,,0
2279,1,chr20,728924,2,G,"T,,",2
2280,1,chr20,728926,0,,,0
2281,1,chr20,729045,2,A,"G,,",2
2282,1,chr20,729328,2,C,"T,,",2
2283,1,chr20,729669,0,,,0
2284,1,chr20,729751,1,C,"T,,",1
2285,1,chr20,729893,1,T,"C,,",1
2286,1,chr20,729952,0,,,0
2287,1,chr20,730190,1,C,"T,,",1
2288,1,chr20,730305,1,,,0
2289,1,chr20,730373,1,,,0
2290,1,chr20,730755,0,A,"AG,,",2
2291,1,chr20,730757,0,,,0
2292,1,chr20,730965,0,,,0
2293,1,chr20,731406,1,C,"T,,",1
2294,1,chr20,731539,0,,,0
2295,1,chr20,731540,0,,,0
2296,1,chr20,731541,2,T,"C,,",2
2297,1,chr20,732158,1,C,"T,,",1
2298,1,chr20,732263,1,A,"T,,",1
2299,1,chr20,732268,0,,,0
2300,1,chr20,732493,0,,,0
2301,1,chr20,732533,2,T,"C,,",2
2302,1,chr20,733364,2,A,"G,,",2
2303,1,chr20,733469,0,,,0
2304,1,chr20,733617,1,G,"A,,",1
2305,1,chr20,733672,1,C,"G,,",1
2306,1,chr20,733818,2,A,"G,,",2
2307,1,chr20,733975,0,,,0
2308,1,chr20,734013,0,,,0
2309,1,chr20,734373,1,C,"T,,",1
2310,1,chr20,734383,1,G,"A,,",1
2311,1,chr20,734531,2,G,"T,,",2
2312,1,chr20,734570,0,,,0
2313,1,chr20,734944,1,,,0
2314,1,chr20,735099,1,,,0
2315,1,chr20,735194,0,,,0
2316,1,chr20,735211,0,,,0
2317,1,chr20,735555,2,A,"G,,",2
2318,1,chr20,735589,1,A,"G,,",1
2319,1,chr20,736185,0,,,0
2320,1,chr20,736186,0,,,0
2321,1,chr20,736291,0,,,0
2322,1,chr20,736444,2,A,"G,,",2
2323,1,chr20,736588,0,,,0
2324,1,chr20,736925,1,A,"G,,",1
2325,1,chr20,737005,1,C,"T,,",1
2326,1,chr20,737088,1,,,0
2327,1,chr20,737100,0,,,0
2328,1,chr20,737174,2,T,"C,,",2
2329,1,chr20,737511,0,,,0
2330,1,chr20,737898,1,A,"G,,",1
2331,1,chr20,737909,0,,,0
2332,1,chr20,738059,2,C,"T,,",2
2333,1,chr20,738091,2,C,"A,,",2
2334,1,chr20,738739,1,G,"T,,",1
2335,1,chr20,739085,0,,,0
2336,1,chr20,739096,2,T,"C,,",2
2337,1,chr20,739190,0,,,0
2338,1,chr20,739210,2,T,"C,,",2
2339,1,chr20,739216,0,,,0
2340,1,chr20,739239,2,C,"G,,",2
2341,1,chr20,739446,0,,,0
2342,1,chr20,739448,0,,,0
2343,1,chr20,739449,0,,,0
2344,1,chr20,740118,0,,,0
2345,1,chr20,740121,0,,,0
2346,1,chr20,740122,0,,,0
2347,1,chr20,740272,1,G,"A,,",1
2348,1,chr20,740467,2,A,"G,,",2
2349,1,chr20,741453,1,G,"A,,",1
2350,1,chr20,741767,1,C,"T,,",1
2351,1,chr20,741939,1,A,"T,,",1
2352,1,chr20,742077,0,,,0
2353,1,chr20,742511,1,G,"A,,",1
2354,1,chr20,742880,0,,,0
2355,0,chr20,743152,2,,,
2356,0,chr20,743154,2,,,
2357,0,chr20,743156,2,,,
2358,0,chr20,743158,2,,,
2359,0,chr20,743160,2,,,
2360,0,chr20,743162,2,,,
2361,0,chr20,743164,2,,,
2362,1,chr20,743527,1,,,0
2363,1,chr20,743734,1,A,"G,,",1
2364,1,chr20,743972,0,,,0
2365,1,chr20,744816,2,C,"A,,",2
2366,1,chr20,745057,1,,,0
2367,1,chr20,745347,2,G,"T,,",2
2368,1,chr20,745527,0,,,0
2369,1,chr20,745642,1,C,"A,,",1
2370,1,chr20,745904,0,,,0
2371,1,chr20,746647,0,,,0
2372,1,chr20,746687,1,A,"G,,",1
2373,1,chr20,746832,1,C,"T,,",1
2374,1,chr20,747249,1,T,"C,,",1
2375,1,chr20,747381,1,A,"T,,",1
2376,1,chr20,747855,1,A,"C,,",1
2377,1,chr20,748021,1,,,0
2378,1,chr20,748022,1,,,0
2379,0,chr20,748212,1,G,"C,,",1
2380,0,chr20,748267,0,,,
2381,1,chr20,748431,1,T,"C,,",1
2382,1,chr20,748452,0,AT,"A,,",1
2383,1,chr20,748528,0,,,0
2384,1,chr20,748603,0,,,0
2385,1,chr20,748634,0,,,0
2386,1,chr20,748736,0,,,0
2387,1,chr20,748947,0,,,0
2388,1,chr20,749346,1,A,"G,,",1
2389,1,chr20,749546,1,C,"T,,",1
2390,1,chr20,749854,2,G,"C,,",2
2391,1,chr20,750249,1,C,"T,,",1
2392,1,chr20,750361,1,A,"G,,",1
2393,1,chr20,750567,0,,,0
2394,1,chr20,751100,1,A,"G,,",1
2395,1,chr20,751283,1,C,"T,,",1
2396,0,chr20,751519,0,,,
2397,1,chr20,751627,1,A,"T,,",1
2398,1,chr20,751651,1,A,"G,,",1
2399,1,chr20,751755,1,C,"T,,",1
2400,1,chr20,751921,0,,,0
2401,1,chr20,751922,0,,,0
2402,1,chr20,752120,1,T,"C,,",1
2403,1,chr20,752235,1,G,"T,,",1
2404,1,chr20,752300,1,C,"G,,",1
2405,1,chr20,752450,2,T,"C,,",2
2406,1,chr20,752476,0,,,0
2407,1,chr20,752776,0,,,0
2408,1,chr20,752821,1,T,"C,,",1
2409,0,chr20,753148,0,,,
2410,0,chr20,753194,1,G,"C,,",1
2411,1,chr20,753319,1,T,"C,,",1
2412,1,chr20,753973,1,A,"G,,",1
2413,1,chr20,754002,1,G,"A,,",1
2414,1,chr20,754124,2,C,"G,,",2
2415,1,chr20,754553,1,A,"G,,",1
2416,1,chr20,754598,0,,,0
2417,1,chr20,754684,0,,,0
2418,1,chr20,755213,2,G,"C,,",2
2419,1,chr20,755214,1,G,"A,,",1
2420,1,chr20,755467,1,C,"T,,",1
2421,1,chr20,755509,0,,,0
2422,1,chr20,755512,0,,,0
2423,1,chr20,755581,1,G,"T,,",1
2424,1,chr20,755749,1,T,"C,,",1
2425,1,chr20,756000,2,G,"A,,",2
2426,1,chr20,756217,1,C,"T,,",1
2427,1,chr20,756408,1,C,"T,,",1
2428,1,chr20,756650,1,,,0
2429,1,chr20,756651,0,,,0
2430,0,chr20,756909,2,T,"C,,",2
2431,1,chr20,757143,0,,,0
2432,1,chr20,757162,0,,,0
2433,1,chr20,757506,0,,,0
2434,1,chr20,757847,0,,,0
2435,1,chr20,758268,1,G,"A,,",1
2436,1,chr20,758339,1,C,"T,,",1
2437,1,chr20,758620,1,T,"G,,",1
2438,1,chr20,758808,2,G,"A,,",2
2439,0,chr20,759329,0,,,
2440,0,chr20,759441,0,,,
2441,0,chr20,759451,1,,,
2442,0,chr20,759452,0,,,
2443,0,chr20,759588,0,,,
2444,1,chr20,759836,0,,,0
2445,1,chr20,760189,1,G,"C,,",1
2446,1,chr20,760209,0,,,0
2447,1,chr20,760239,0,,,0
2448,1,chr20,760275,2,G,"T,,",2
2449,1,chr20,760846,0,,,0
2450,1,chr20,761019,1,,,0
2451,1,chr20,761203,2,A,"G,,",2
2452,1,chr20,761595,2,T,"C,,",2
2453,1,chr20,762374,2,G,"T,,",2
2454,1,chr20,762836,0,,,0
2455,1,chr20,763183,2,G,"A,,",2
2456,1,chr20,763406,2,A,"G,,",2
2457,1,chr20,763806,2,G,"A,,",2
2458,1,chr20,764203,2,A,"G,,",2
2459,1,chr20,764230,2,G,"A,,",2
2460,0,chr20,764430,0,,,
2461,0,chr20,764438,0,,,
2462,0,chr20,764457,0,,,
2463,0,chr20,764496,0,,,
2464,0,chr20,764516,0,,,
2465,0,chr20,764537,2,,,
2466,0,chr20,764669,0,,,
2467,1,chr20,764848,0,,,0
2468,1,chr20,765275,0,,,0
2469,1,chr20,765378,0,,,0
2470,1,chr20,765390,0,,,0
2471,1,chr20,766056,0,,,0
2472,1,chr20,766057,0,,,0
2473,1,chr20,766241,2,T,"G,,",2
2474,1,chr20,766308,2,G,"A,,",2
2475,1,chr20,766576,2,T,"C,,",2
2476,1,chr20,767023,2,G,"A,,",2
2477,1,chr20,767191,2,A,"G,,",2
2478,1,chr20,767376,2,T,"A,,",2
2479,1,chr20,768267,2,A,"G,,",2
2480,1,chr20,768330,2,T,"C,,",2
2481,1,chr20,769493,0,,,0
2482,1,chr20,769636,0,,,0
2483,1,chr20,769672,2,G,"A,,",2
2484,1,chr20,770054,0,,,0
2485,1,chr20,770094,2,A,"G,,",2
2486,1,chr20,770432,1,,,0
2487,1,chr20,771027,2,T,"A,,",2
2488,1,chr20,771422,2,,,0
2489,1,chr20,771724,2,A,"G,,",2
2490,1,chr20,771725,0,,,0
2491,1,chr20,771742,0,,,0
2492,1,chr20,772427,0,,,0
2493,1,chr20,772599,1,T,"G,,",1
2494,1,chr20,772719,2,T,"G,,",2
2495,1,chr20,772824,2,C,"A,,",2
2496,1,chr20,772843,2,T,"C,,",2
2497,1,chr20,772872,2,A,"G,,",2
2498,1,chr20,772991,0,,,0
2499,1,chr20,773095,2,G,"A,,",2
2500,1,chr20,773723,2,C,"G,,",2
2501,1,chr20,773737,2,A,"G,,",2
2502,1,chr20,774304,1,C,"T,,",1
2503,1,chr20,774833,0,,,0
2504,1,chr20,774979,0,,,0
2505,1,chr20,775534,2,T,"C,,",2
2506,1,chr20,776730,0,,,0
2507,0,chr20,776848,1,A,"G,,",1
2508,0,chr20,776855,2,T,"C,,",2
2509,0,chr20,776863,1,,,
2510,1,chr20,776957,0,,,0
2511,1,chr20,777391,2,T,"C,,",2
2512,1,chr20,778096,0,,,0
2513,1,chr20,778233,1,,,0
2514,1,chr20,778339,2,G,"C,,",2
2515,1,chr20,780085,0,,,0
2516,1,chr20,780086,0,,,0
2517,1,chr20,780364,2,C,"T,,",2
2518,1,chr20,781143,2,G,"A,,",2
2519,1,chr20,781912,2,T,"C,,",2
2520,1,chr20,781947,0,,,0
2521,1,chr20,782053,2,T,"G,,",2
2522,1,chr20,782121,1,,,0
2523,1,chr20,782135,2,C,"T,,",2
2524,0,chr20,782250,0,,,
2525,1,chr20,782334,2,G,"T,,",2
2526,1,chr20,782552,2,A,"G,,",2
2527,1,chr20,782686,0,,,0
2528,1,chr20,782687,0,,,0
2529,1,chr20,782748,2,T,"C,,",2
2530,1,chr20,782898,2,G,"A,,",2
2531,1,chr20,783008,2,G,"A,,",2
2532,1,chr20,783188,2,G,"A,,",2
2533,1,chr20,783195,2,A,"G,,",2
2534,1,chr20,783325,2,C,"A,,",2
2535,1,chr20,783424,2,T,"C,,",2
2536,1,chr20,783488,2,T,"C,,",2
2537,1,chr20,783520,2,T,"C,,",2
2538,1,chr20,783739,2,A,"G,,",2
2539,1,chr20,783834,2,G,"A,,",2
2540,1,chr20,783937,2,G,"A,,",2
2541,1,chr20,784114,2,G,"C,,",2
2542,1,chr20,784189,2,A,"G,,",2
2543,1,chr20,784244,2,G,"A,,",2
2544,1,chr20,784245,2,C,"A,,",2
2545,1,chr20,784337,2,T,"C,,",2
2546,1,chr20,784347,2,A,"G,,",2
2547,1,chr20,784409,0,,,0
2548,1,chr20,784496,0,,,0
2549,1,chr20,784499,1,,,0
2550,1,chr20,784695,2,A,"T,,",2
2551,1,chr20,784821,2,A,"G,,",2
2552,1,chr20,785145,2,C,"T,,",2
2553,1,chr20,785294,2,C,"A,,",2
2554,1,chr20,785303,2,T,"G,,",2
2555,1,chr20,785581,2,A,"G,,",2
2556,1,chr20,785693,2,T,"G,,",2
2557,1,chr20,785803,2,T,"C,,",2
2558,1,chr20,786896,0,,,0
2559,1,chr20,787077,2,A,"G,,",2
2560,1,chr20,789027,2,T,"C,,",2
2561,1,chr20,789575,0,,,0
2562,1,chr20,789576,0,,,0
2563,1,chr20,789871,0,,,0
2564,1,chr20,789908,2,C,"A,,",2
2565,1,chr20,789995,2,G,"A,,",2
2566,1,chr20,790061,0,,,0
2567,1,chr20,790902,0,,,0
2568,1,chr20,790949,1,,,0
2569,1,chr20,791888,2,G,"A,,",2
2570,1,chr20,791971,2,T,"C,,",2
2571,1,chr20,792028,0,,,0
2572,1,chr20,792029,0,,,0
2573,1,chr20,792437,1,,,0
2574,1,chr20,792480,0,,,0
2575,1,chr20,792795,2,T,"C,,",2
2576,1,chr20,792866,2,A,"G,,",2
2577,1,chr20,792873,0,T,"C,,",2
2578,1,chr20,792876,2,A,"G,,",2
2579,1,chr20,793394,0,,,0
2580,1,chr20,793395,2,A,"G,,",2
2581,1,chr20,793450,1,C,"T,,",1
2582,1,chr20,793842,1,,,0
2583,1,chr20,793845,0,,,0
2584,1,chr20,794160,0,,,0
2585,1,chr20,794162,0,,,0
2586,1,chr20,795731,1,G,"A,,",1
2587,1,chr20,795876,2,C,"T,,",2
2588,1,chr20,796344,1,C,"A,,",1
2589,1,chr20,796564,1,C,"T,,",1
2590,1,chr20,796649,0,,,0
2591,1,chr20,797400,1,C,"T,,",1
2592,1,chr20,797739,1,A,"G,,",1
2593,1,chr20,797871,1,G,"A,,",1
2594,1,chr20,798053,1,T,"C,,",1
2595,1,chr20,798278,1,G,"A,,",1
2596,1,chr20,798361,1,,,0
2597,1,chr20,798467,1,T,"C,,",1
2598,1,chr20,798479,2,C,"G,,",2
2599,1,chr20,798594,1,T,"G,,",1
2600,1,chr20,798717,1,C,"T,,",1
2601,1,chr20,798853,1,T,"C,,",1
2602,1,chr20,799006,0,,,0
2603,1,chr20,799311,0,,,0
2604,1,chr20,799453,0,,,0
2605,1,chr20,799510,2,A,"T,,",2
2606,1,chr20,799697,0,,,0
2607,1,chr20,799698,0,,,0
2608,1,chr20,799744,1,T,"C,,",1
2609,1,chr20,800427,1,G,"A,,",1
2610,0,chr20,800604,1,T,"C,,",1
2611,0,chr20,800640,1,T,"C,,",1
2612,1,chr20,800818,2,T,"C,,",2
2613,1,chr20,800884,1,G,"A,,",1
2614,1,chr20,800927,1,A,"T,,",1
2615,1,chr20,800955,1,C,"T,,",1
2616,1,chr20,801002,1,T,"C,,",1
2617,1,chr20,801097,1,A,"C,,",1
2618,1,chr20,801114,0,,,0
2619,1,chr20,801205,1,G,"C,,",1
2620,1,chr20,801403,1,C,"T,,",1
2621,1,chr20,801427,1,A,"C,,",1
2622,1,chr20,801488,1,T,"C,,",1
2623,1,chr20,801793,1,G,"A,,",1
2624,1,chr20,801807,1,C,"T,,",1
2625,1,chr20,801893,1,T,"C,,",1
2626,1,chr20,802063,1,C,"T,,",1
2627,1,chr20,802155,1,C,"G,,",1
2628,1,chr20,802331,2,C,"T,,",2
2629,1,chr20,802531,1,C,"T,,",1
2630,1,chr20,802673,0,,,0
2631,1,chr20,802739,1,C,"T,,",1
2632,1,chr20,803318,0,,,0
2633,1,chr20,803367,2,C,"A,,",2
2634,1,chr20,803435,0,,,0
2635,1,chr20,803499,1,A,"C,,",1
2636,1,chr20,803703,2,T,"C,,",2
2637,1,chr20,803888,0,,,0
2638,1,chr20,803943,0,,,0
2639,1,chr20,804465,2,T,"C,,",2
2640,1,chr20,804684,0,,,0
2641,1,chr20,805356,2,A,"G,,",2
2642,1,chr20,806416,2,G,"T,,",2
2643,1,chr20,808973,2,G,"A,,",2
2644,1,chr20,809392,2,C,"T,,",2
2645,1,chr20,809653,2,T,"C,,",2
2646,1,chr20,810079,2,C,"T,,",2
2647,1,chr20,810083,2,G,"A,,",2
2648,1,chr20,810565,2,A,"T,,",2
2649,1,chr20,810659,2,T,"C,,",2
2650,1,chr20,810742,2,T,"G,,",2
2651,1,chr20,810884,0,,,0
2652,1,chr20,811032,2,T,"C,,",2
2653,1,chr20,811102,2,G,"A,,",2
2654,1,chr20,811294,0,,,0
2655,1,chr20,811314,2,A,"C,,",2
2656,1,chr20,811426,1,,,0
2657,1,chr20,811539,2,G,"A,,",2
2658,1,chr20,812140,2,C,"G,,",2
2659,1,chr20,812429,2,G,"A,,",2
2660,1,chr20,813090,0,,,0
2661,1,chr20,813255,2,A,"G,,",2
2662,1,chr20,813792,2,T,"C,,",2
2663,1,chr20,813863,2,G,"A,,",2
2664,1,chr20,813867,0,,,0
2665,1,chr20,813871,0,,,0
2666,1,chr20,814208,0,,,0
2667,1,chr20,814595,0,,,0
2668,1,chr20,815024,0,,,0
2669,1,chr20,815073,2,A,"G,,",2
2670,1,chr20,816179,2,C,"T,,",2
2671,1,chr20,817082,0,,,0
2672,1,chr20,817394,0,,,0
2673,0,chr20,817584,1,C,"G,,",1
2674,0,chr20,817587,1,A,"G,,",1
2675,1,chr20,817664,1,C,"T,,",1
2676,1,chr20,817675,0,,,0
2677,1,chr20,817677,0,,,0
2678,1,chr20,817690,1,G,"T,,",1
2679,1,chr20,817718,1,G,"A,,",1
2680,1,chr20,817733,0,,,0
2681,1,chr20,817796,0,,,0
2682,1,chr20,818023,1,C,"T,,",1
2683,1,chr20,818085,1,C,"T,,",1
2684,1,chr20,818112,1,T,"C,,",1
2685,1,chr20,818246,0,,,0
2686,1,chr20,818328,1,,,0
2687,1,chr20,818329,0,,,0
2688,1,chr20,818593,1,,,0
2689,1,chr20,818644,2,T,"C,,",2
2690,0,chr20,818822,0,,,
2691,0,chr20,818841,1,,,
2692,0,chr20,818940,2,,,
2693,1,chr20,819011,0,,,0
2694,1,chr20,819017,1,C,"A,,",1
2695,0,chr20,819190,0,,,
2696,0,chr20,819251,1,,,
2697,0,chr20,819257,0,,,
2698,0,chr20,819270,0,,,
2699,0,chr20,819279,0,,,
2700,0,chr20,819293,0,,,
2701,0,chr20,819340,1,,,
2702,0,chr20,819361,1,,,
2703,1,chr20,819725,0,,,0
2704,1,chr20,819848,0,,,0
2705,1,chr20,820037,0,,,0
2706,1,chr20,820285,0,,,0
2707,0,chr20,820587,2,T,"C,,",2
2708,1,chr20,820752,2,G,"T,,",2
2709,1,chr20,823109,2,T,"C,,",2
2710,1,chr20,824454,2,A,"G,,",2
2711,1,chr20,825062,0,,,0
2712,1,chr20,825268,0,,,0
2713,1,chr20,825318,2,C,"G,,",2
2714,1,chr20,825338,2,C,"T,,",2
2715,1,chr20,825369,0,,,0
2716,1,chr20,825828,2,G,"C,,",2
2717,1,chr20,825829,0,,,0
2718,1,chr20,826034,2,T,"C,,",2
2719,1,chr20,826235,2,C,"T,,",2
2720,1,chr20,826904,0,,,0
2721,1,chr20,826944,2,T,"C,,",2
2722,1,chr20,827056,2,T,"C,,",2
2723,1,chr20,827544,0,,,0
2724,1,chr20,827700,0,,,0
2725,1,chr20,827787,2,G,"A,,",2
2726,0,chr20,828060,1,,,
2727,1,chr20,828254,0,,,0
2728,1,chr20,828725,2,G,"A,,",2
2729,1,chr20,828856,2,C,"T,,",2
2730,1,chr20,828857,1,A,"G,,",2
2731,1,chr20,829287,2,C,"T,,",2
2732,1,chr20,830787,2,A,"G,,",2
2733,1,chr20,831200,0,,,0
2734,1,chr20,831600,1,,,0
2735,1,chr20,832009,0,,,0
2736,1,chr20,832014,0,,,0
2737,1,chr20,832369,0,,,0
2738,1,chr20,832416,0,,,0
2739,1,chr20,832615,0,,,0
2740,1,chr20,832619,0,,,0
2741,1,chr20,832781,0,,,0
2742,1,chr20,833292,0,,,0
2743,1,chr20,833608,0,,,0
2744,1,chr20,833768,0,,,0
2745,1,chr20,833972,1,,,0
2746,1,chr20,834287,1,,,0
2747,1,chr20,834366,0,,,0
2748,1,chr20,834368,0,,,0
2749,1,chr20,834590,0,,,0
2750,1,chr20,835717,0,,,0
2751,1,chr20,835760,0,,,0
2752,1,chr20,835811,0,,,0
2753,1,chr20,835954,0,,,0
2754,1,chr20,838063,1,,,0
2755,1,chr20,838191,0,,,0
2756,1,chr20,838498,0,,,0
2757,1,chr20,839087,0,,,0
2758,1,chr20,839089,0,,,0
2759,1,chr20,839602,0,,,0
2760,1,chr20,840591,0,,,0
2761,1,chr20,840617,0,,,0
2762,1,chr20,841064,0,,,0
2763,1,chr20,841149,0,,,0
2764,1,chr20,841156,0,,,0
2765,1,chr20,841193,0,,,0
2766,1,chr20,841366,1,,,0
2767,1,chr20,841398,0,,,0
2768,1,chr20,841403,0,,,0
2769,1,chr20,842192,0,,,0
2770,1,chr20,842235,0,,,0
2771,1,chr20,842315,0,,,0
2772,1,chr20,842345,0,,,0
2773,1,chr20,842393,0,,,0
2774,1,chr20,842417,0,,,0
2775,1,chr20,842623,0,,,0
2776,1,chr20,843148,1,A,"T,,",1
2777,1,chr20,843149,1,C,"T,,",1
2778,1,chr20,844405,0,,,0
2779,1,chr20,844448,2,,,0
2780,1,chr20,844549,0,,,0
2781,1,chr20,844552,1,,,0
2782,1,chr20,844845,0,,,0
2783,1,chr20,845023,0,,,0
2784,1,chr20,845035,2,T,"C,,",2
2785,1,chr20,845190,0,,,0
2786,1,chr20,845595,0,,,0
2787,1,chr20,845849,2,G,"C,,",2
2788,1,chr20,845984,0,,,0
2789,1,chr20,846049,0,,,0
2790,1,chr20,846067,2,C,"T,,",2
2791,1,chr20,846131,1,,,0
2792,1,chr20,846582,0,,,0
2793,1,chr20,846626,2,C,"T,,",2
2794,1,chr20,847347,0,,,0
2795,1,chr20,847610,2,G,"A,,",2
2796,1,chr20,848007,2,C,"T,,",2
2797,1,chr20,848148,2,C,"T,,",2
2798,1,chr20,848605,0,,,0
2799,1,chr20,848966,2,C,"G,,",2
2800,1,chr20,848998,0,,,0
2801,1,chr20,849115,0,,,0
2802,1,chr20,849159,2,T,"C,,",2
2803,1,chr20,849210,2,T,"G,,",2
2804,1,chr20,849245,2,A,"C,,",2
2805,1,chr20,849509,2,G,"C,,",2
2806,1,chr20,849655,2,T,"G,,",2
2807,1,chr20,849665,2,T,"A,,",2
2808,1,chr20,849770,2,A,"C,,",2
2809,1,chr20,849895,2,G,"C,,",2
2810,1,chr20,850182,2,G,"A,,",2
2811,1,chr20,850450,2,A,"G,,",2
2812,1,chr20,850643,1,,,0
2813,1,chr20,850762,2,G,"T,,",2
2814,1,chr20,850818,2,G,"A,,",2
2815,1,chr20,851503,1,,,0
2816,1,chr20,851809,0,,,0
2817,1,chr20,852010,2,G,"T,,",2
2818,1,chr20,852120,2,G,"A,,",2
2819,1,chr20,852289,0,,,0
2820,1,chr20,852714,2,T,"C,,",2
2821,1,chr20,852722,2,T,"G,,",2
2822,1,chr20,853509,2,C,"A,,",2
2823,1,chr20,853837,2,C,"T,,",2
2824,1,chr20,854107,0,,,0
2825,1,chr20,855703,1,C,"A,,",1
2826,1,chr20,855883,1,G,"A,,",1
2827,1,chr20,855914,0,,,0
2828,1,chr20,856057,2,C,"T,,",2
2829,1,chr20,856168,1,C,"T,,",1
2830,1,chr20,856433,2,G,"A,,",2
2831,1,chr20,856465,0,,,0
2832,1,chr20,856533,0,,,0
2833,1,chr20,856612,0,,,0
2834,1,chr20,856645,0,,,0
2835,1,chr20,857157,2,T,"C,,",2
2836,1,chr20,857179,2,G,"A,,",2
2837,1,chr20,857535,0,,,0
2838,1,chr20,857537,0,,,0
2839,1,chr20,857539,0,,,0
2840,1,chr20,857617,2,T,"C,,",2
2841,1,chr20,858072,0,,,0
2842,1,chr20,858106,0,,,0
2843,1,chr20,858376,0,,,0
2844,1,chr20,858872,2,G,"C,,",2
2845,1,chr20,858925,2,G,"C,,",2
2846,1,chr20,859028,0,,,0
2847,1,chr20,859762,2,G,"A,,",2
2848,1,chr20,860453,1,G,"A,,",1
2849,1,chr20,860488,1,T,"C,,",1
2850,1,chr20,860627,0,,,0
2851,1,chr20,860709,1,,,0
2852,1,chr20,861500,0,,,0
2853,1,chr20,861973,2,G,"A,,",2
2854,1,chr20,861975,2,G,"A,,",2
2855,1,chr20,862051,2,A,"T,,",2
2856,1,chr20,862053,2,A,"G,,",2
2857,0,chr20,862270,2,,,
2858,0,chr20,862295,2,A,"G,,",2
2859,1,chr20,862400,1,A,"T,,",1
2860,1,chr20,862488,0,,,0
2861,1,chr20,863200,1,G,"A,,",1
2862,1,chr20,863302,1,A,"T,,",1
2863,1,chr20,864029,1,C,"T,,",1
2864,1,chr20,864049,1,T,"C,,",1
2865,1,chr20,864080,2,T,"C,,",2
2866,1,chr20,865938,0,,,0
2867,1,chr20,866001,1,,,0
2868,1,chr20,866340,1,A,"C,,",1
2869,1,chr20,866636,1,C,"G,,",1
2870,1,chr20,866712,1,G,"A,,",1
2871,1,chr20,866777,1,C,"T,,",1
2872,1,chr20,866852,1,C,"T,,",1
2873,0,chr20,867424,1,,,
2874,0,chr20,867469,2,,,
2875,1,chr20,867728,1,C,"T,,",1
2876,1,chr20,867974,1,T,"C,,",1
2877,1,chr20,868254,2,T,"A,,",2
2878,1,chr20,868458,0,,,0
2879,1,chr20,868460,0,,,0
2880,1,chr20,868461,0,,,0
2881,1,chr20,868526,1,C,"G,,",1
2882,1,chr20,868606,1,C,"T,,",1
2883,1,chr20,868745,1,G,"C,,",1
2884,0,chr20,868950,0,,,
2885,0,chr20,868956,2,,,
2886,0,chr20,868989,0,,,
2887,1,chr20,869010,2,G,"A,,",2
2888,1,chr20,869397,1,,,0
2889,1,chr20,869520,0,,,0
2890,1,chr20,869733,2,A,"G,,",2
2891,1,chr20,869777,2,T,"C,,",2
2892,1,chr20,870042,0,,,0
2893,1,chr20,870254,0,,,0
2894,1,chr20,871792,0,,,0
2895,1,chr20,871966,1,G,"A,,",1
2896,1,chr20,871969,1,G,"A,,",1
2897,1,chr20,872049,0,,,0
2898,1,chr20,872450,1,C,"T,,",1
2899,1,chr20,872760,0,,,0
2900,1,chr20,872792,2,T,"G,,",2
2901,1,chr20,873084,0,,,0
2902,1,chr20,873112,0,,,0
2903,1,chr20,873491,1,G,"A,,",1
2904,1,chr20,873608,1,G,"A,,",1
2905,1,chr20,873920,1,T,"G,,",1
2906,1,chr20,874011,0,,,0
2907,1,chr20,874038,1,C,"T,,",1
2908,1,chr20,874111,1,A,"G,,",1
2909,1,chr20,874297,1,T,"C,,",1
2910,1,chr20,874401,0,,,0
2911,1,chr20,874696,1,A,"G,,",1
2912,1,chr20,875568,1,C,"A,,",1
2913,1,chr20,875855,0,,,0
2914,1,chr20,875920,1,A,"G,,",1
2915,0,chr20,876104,1,C,"T,,",1
2916,0,chr20,876194,1,G,"A,,",1
2917,1,chr20,876681,1,,,0
2918,1,chr20,876993,0,,,0
2919,1,chr20,877006,0,,,0
2920,1,chr20,877252,0,,,0
2921,1,chr20,878091,0,,,0
2922,1,chr20,878108,0,,,0
2923,1,chr20,878199,1,,,0
2924,1,chr20,878200,0,,,0
2925,1,chr20,878473,0,,,0
2926,1,chr20,879508,1,A,"T,,",1
2927,1,chr20,879603,0,,,0
2928,1,chr20,880111,1,T,"C,,",1
2929,1,chr20,880506,0,,,0
2930,1,chr20,880743,1,G,"C,,",1
2931,1,chr20,881588,0,,,0
2932,1,chr20,881724,0,,,0
2933,1,chr20,881766,0,,,0
2934,1,chr20,881828,0,,,0
2935,1,chr20,882348,1,C,"G,,",1
2936,1,chr20,882607,0,,,0
2937,1,chr20,882628,1,A,"G,,",1
2938,1,chr20,882634,0,,,0
2939,1,chr20,882646,0,,,0
2940,1,chr20,882865,1,A,"G,,",1
2941,1,chr20,883063,1,C,"T,,",1
2942,1,chr20,883085,0,,,0
2943,1,chr20,883101,1,C,"T,,",1
2944,1,chr20,883377,0,,,0
2945,1,chr20,883556,1,G,"A,,",1
2946,1,chr20,883812,1,T,"C,,",1
2947,1,chr20,883997,1,C,"T,,",1
2948,1,chr20,884017,1,G,"T,,",1
2949,1,chr20,884723,1,G,"T,,",1
2950,1,chr20,884974,1,,,0
2951,1,chr20,885116,0,,,0
2952,1,chr20,885311,0,,,0
2953,1,chr20,885368,0,,,0
2954,1,chr20,885587,1,C,"G,,",1
2955,1,chr20,885689,1,T,"A,,",1
2956,1,chr20,885707,1,A,"C,,",1
2957,1,chr20,885722,1,G,"A,,",1
2958,1,chr20,885811,0,,,0
2959,1,chr20,886620,1,T,"C,,",1
2960,1,chr20,886681,1,A,"G,,",1
2961,1,chr20,886694,1,C,"T,,",1
2962,1,chr20,887996,1,T,"C,,",1
2963,1,chr20,888482,0,,,0
2964,1,chr20,888499,0,,,0
2965,1,chr20,888753,1,C,"A,,",1
2966,1,chr20,889372,0,,,0
2967,1,chr20,889503,1,C,"T,,",1
2968,1,chr20,890350,0,,,0
2969,1,chr20,890407,0,,,0
2970,1,chr20,890514,1,G,"C,,",1
2971,1,chr20,890614,1,C,"T,,",1
2972,1,chr20,891160,0,,,0
2973,1,chr20,891169,0,,,0
2974,1,chr20,891170,0,,,0
2975,1,chr20,891187,1,A,"C,,",1
2976,1,chr20,891480,1,C,"T,,",1
2977,1,chr20,891809,1,,,0
2978,1,chr20,892108,1,A,"G,,",1
2979,1,chr20,892511,1,G,"A,,",1
2980,1,chr20,892537,1,,,0
2981,1,chr20,892634,1,A,"C,,",1
2982,1,chr20,892939,0,,,0
2983,1,chr20,893106,1,T,"G,,",1
2984,1,chr20,893464,1,G,"A,,",1
2985,1,chr20,893483,1,G,"C,,",1
2986,1,chr20,894438,0,,,0
2987,1,chr20,894998,1,,,0
2988,1,chr20,895100,0,,,0
2989,1,chr20,895224,0,,,0
2990,1,chr20,895490,1,C,"T,,",1
2991,1,chr20,895600,1,G,"A,,",1
2992,1,chr20,896059,1,G,"A,,",1
2993,1,chr20,896562,1,G,"T,,",1
2994,1,chr20,896997,1,A,"T,,",1
2995,1,chr20,897438,0,,,0
2996,1,chr20,897439,0,,,0
2997,1,chr20,897442,1,,,0
2998,1,chr20,897700,0,,,0
2999,1,chr20,897717,0,,,0
3000,1,chr20,898461,0,,,0
3001,1,chr20,899284,1,,,0
3002,1,chr20,899447,2,G,"A,,",2
3003,1,chr20,899533,1,A,"G,,",1
3004,1,chr20,900321,1,A,"C,,",1
3005,1,chr20,900721,1,C,"T,,",1
3006,1,chr20,900932,1,C,"T,,",1
3007,1,chr20,900977,1,T,"A,,",1
3008,1,chr20,901001,1,G,"A,,",1
3009,1,chr20,901060,1,T,"C,,",1
3010,1,chr20,901437,1,C,"T,,",1
3011,1,chr20,901786,1,A,"G,,",1
3012,1,chr20,901829,0,,,0
3013,1,chr20,902089,0,,,0
3014,1,chr20,902160,1,G,"A,,",1
3015,1,chr20,902357,1,G,"T,,",1
3016,1,chr20,902728,1,G,"A,,",1
3017,1,chr20,903001,1,T,"G,,",1
3018,1,chr20,903360,1,,,0
3019,1,chr20,903427,1,G,"A,,",1
3020,1,chr20,903489,1,C,"G,,",1
3021,1,chr20,904866,0,,,0
3022,1,chr20,904986,0,,,0
3023,1,chr20,905359,1,T,"C,,",1
3024,1,chr20,905407,1,G,"C,,",1
3025,1,chr20,905736,1,G,"A,,",1
3026,1,chr20,906213,1,T,"C,,",1
3027,1,chr20,906268,1,G,"C,,",1
3028,1,chr20,906437,0,,,0
3029,1,chr20,906527,1,,,0
3030,1,chr20,906812,1,T,"G,,",1
3031,1,chr20,906878,1,C,"G,,",1
3032,1,chr20,907157,1,A,"G,,",1
3033,1,chr20,907880,1,G,"A,,",1
3034,1,chr20,908674,1,C,"G,,",1
3035,1,chr20,909081,0,,,0
3036,1,chr20,909145,0,,,0
3037,1,chr20,909453,1,G,"T,,",1
3038,1,chr20,909559,0,,,0
3039,1,chr20,909807,0,,,0
3040,1,chr20,911795,1,A,"C,,",1
3041,1,chr20,912080,1,A,"G,,",1
3042,1,chr20,912305,1,G,"A,,",1
3043,1,chr20,913482,1,A,"C,,",1
3044,1,chr20,913815,0,,,0
3045,1,chr20,914079,1,G,"A,,",1
3046,1,chr20,914324,2,G,"A,,",2
3047,1,chr20,914548,0,,,0
3048,1,chr20,914682,2,A,"G,,",2
3049,1,chr20,914721,0,,,0
3050,1,chr20,914775,1,A,"G,,",1
3051,1,chr20,914780,1,C,"T,,",1
3052,1,chr20,914787,0,,,0
3053,1,chr20,914814,1,C,"T,,",1
3054,1,chr20,915143,0,,,0
3055,1,chr20,915350,1,G,"A,,",1
3056,1,chr20,915369,2,G,"A,,",2
3057,1,chr20,915656,2,T,"C,,",2
3058,1,chr20,915971,0,,,0
3059,1,chr20,916110,1,T,"G,,",1
3060,1,chr20,916256,0,,,0
3061,1,chr20,916419,2,G,"C,,",2
3062,1,chr20,916958,0,,,0
3063,1,chr20,916959,0,,,0
3064,1,chr20,917085,0,,,0
3065,1,chr20,917534,1,G,"A,,",1
3066,1,chr20,917575,2,T,"C,,",2
3067,1,chr20,917991,0,,,0
3068,1,chr20,918307,0,,,0
3069,1,chr20,919015,0,,,0
3070,1,chr20,919318,0,,,0
3071,1,chr20,919973,0,,,0
3072,1,chr20,920188,1,C,"T,,",1
3073,1,chr20,920252,0,,,0
3074,1,chr20,920292,1,G,"T,,",1
3075,1,chr20,920391,1,C,"T,,",1
3076,1,chr20,920651,0,,,0
3077,1,chr20,921033,2,C,"T,,",2
3078,1,chr20,921234,0,,,0
3079,1,chr20,921239,2,A,"G,,",2
3080,1,chr20,921288,2,G,"C,,",2
3081,1,chr20,921359,1,A,"G,,",1
3082,1,chr20,921417,1,T,"G,,",1
3083,1,chr20,921516,0,,,0
3084,1,chr20,921519,0,,,0
3085,1,chr20,921667,1,G,"C,,",1
3086,1,chr20,921725,0,,,0
3087,1,chr20,922308,0,,,0
3088,1,chr20,922472,0,,,0
3089,1,chr20,923107,0,,,0
3090,1,chr20,924912,0,,,0
3091,1,chr20,925414,1,,,0
3092,1,chr20,925695,0,,,0
3093,1,chr20,925696,0,,,0
3094,1,chr20,925739,0,,,0
3095,1,chr20,925779,0,,,0
3096,1,chr20,926359,0,,,0
3097,1,chr20,929128,1,C,"T,,",1
3098,1,chr20,929154,0,,,0
3099,1,chr20,929546,0,,,0
3100,1,chr20,930227,0,,,0
3101,1,chr20,930252,0,,,0
3102,1,chr20,931375,0,,,0
3103,1,chr20,931518,1,,,0
3104,1,chr20,932840,0,,,0
3105,1,chr20,933683,0,,,0
3106,1,chr20,934006,1,T,"C,,",1
3107,1,chr20,937217,0,,,0
3108,1,chr20,937845,0,,,0
3109,1,chr20,938022,0,,,0
3110,1,chr20,940306,0,,,0
3111,1,chr20,940481,0,,,0
3112,1,chr20,941328,1,A,"G,,",1
3113,1,chr20,941889,0,,,0
3114,1,chr20,942019,0,,,0
3115,1,chr20,942277,1,A,"T,,",1
3116,1,chr20,942394,0,,,0
3117,1,chr20,942424,1,C,"G,,",1
3118,1,chr20,942563,1,G,"A,,",1
3119,1,chr20,942659,1,G,"A,,",1
3120,1,chr20,943192,0,,,0
3121,1,chr20,943880,0,,,0
3122,1,chr20,943950,1,T,"C,,",1
3123,0,chr20,943984,1,T,"C,,",1
3124,0,chr20,944029,1,,,
3125,1,chr20,944897,0,,,0
3126,1,chr20,945711,1,A,"G,,",1
3127,1,chr20,945942,1,A,"G,,",1
3128,1,chr20,946186,0,,,0
3129,1,chr20,946187,0,,,0
3130,1,chr20,946505,1,A,"G,,",1
3131,1,chr20,946814,1,A,"C,,",1
3132,1,chr20,946899,1,C,"G,,",1
3133,1,chr20,947202,1,A,"T,,",1
3134,1,chr20,947218,1,G,"A,,",1
3135,1,chr20,947250,0,,,0
3136,1,chr20,947585,1,T,"C,,",1
3137,1,chr20,947624,1,G,"C,,",1
3138,1,chr20,947782,1,T,"C,,",1
3139,1,chr20,947795,1,A,"G,,",1
3140,1,chr20,947914,1,T,"C,,",1
3141,1,chr20,948357,1,G,"A,,",1
3142,1,chr20,948492,1,T,"C,,",1
3143,1,chr20,948493,1,C,"T,,",1
3144,1,chr20,948861,1,G,"T,,",1
3145,1,chr20,949016,1,G,"A,,",1
3146,0,chr20,949480,0,,,
3147,0,chr20,949484,1,,,
3148,0,chr20,949890,0,,,
3149,0,chr20,949917,1,,,
3150,1,chr20,949982,0,,,0
3151,1,chr20,950120,0,,,0
3152,1,chr20,950799,0,,,0
3153,1,chr20,950800,0,,,0
3154,1,chr20,950840,1,G,"A,,",1
3155,1,chr20,950846,0,,,0
3156,0,chr20,951100,1,G,"A,,",1
3157,0,chr20,951116,0,,,
3158,0,chr20,951172,1,A,"T,,",1
3159,0,chr20,951188,1,G,"A,,",1
3160,1,chr20,951280,0,,,0
3161,1,chr20,951376,2,C,"T,,",2
3162,1,chr20,951397,1,C,"T,,",1
3163,1,chr20,951428,1,C,"T,,",1
3164,1,chr20,951597,0,,,0
3165,1,chr20,951612,1,T,"C,,",1
3166,1,chr20,951687,1,A,"C,,",1
3167,1,chr20,951756,1,A,"G,,",1
3168,1,chr20,951775,0,,,0
3169,1,chr20,951975,1,T,"C,,",1
3170,1,chr20,952317,1,G,"A,,",1
3171,1,chr20,952350,0,,,0
3172,1,chr20,952372,1,C,"T,,",1
3173,1,chr20,952391,1,C,"T,,",1
3174,1,chr20,952475,1,T,"C,,",1
3175,1,chr20,952558,1,T,"C,,",1
3176,1,chr20,952594,1,A,"G,,",1
3177,1,chr20,952631,0,,,0
3178,1,chr20,952909,1,T,"G,,",1
3179,1,chr20,953115,1,C,"T,,",1
3180,1,chr20,953360,1,A,"G,,",1
3181,1,chr20,953456,1,T,"C,,",1
3182,1,chr20,953490,2,T,"C,,",2
3183,1,chr20,953507,1,T,"G,,",1
3184,1,chr20,953648,0,,,0
3185,1,chr20,953670,1,G,"A,,",1
3186,1,chr20,953831,1,T,"TC,,",1
3187,1,chr20,953833,0,,,0
3188,1,chr20,953857,1,G,"T,,",1
3189,1,chr20,953974,1,C,"T,,",1
3190,1,chr20,954131,0,,,0
3191,1,chr20,954305,2,T,"C,,",2
3192,1,chr20,954418,1,C,"T,,",1
3193,0,chr20,954684,2,T,"C,,",2
3194,0,chr20,954686,2,C,"G,,",2
3195,0,chr20,954688,1,,,
3196,1,chr20,954792,0,,,0
3197,1,chr20,954795,0,,,0
3198,1,chr20,955001,1,C,"T,,",1
3199,1,chr20,955847,0,,,0
3200,1,chr20,955848,0,,,0
3201,1,chr20,956182,1,,,0
3202,1,chr20,956302,1,T,"C,,",1
3203,1,chr20,956624,2,T,"C,,",2
3204,1,chr20,956630,1,G,"A,,",1
3205,1,chr20,957048,1,,,0
3206,0,chr20,957320,1,G,"A,,",1
3207,0,chr20,957322,1,G,"A,,",1
3208,1,chr20,957370,0,,,0
3209,1,chr20,957387,2,G,"A,,",2
3210,1,chr20,957464,0,,,0
3211,1,chr20,957616,0,,,0
3212,1,chr20,957755,0,,,0
3213,1,chr20,958021,0,,,0
3214,1,chr20,958217,1,C,"T,,",1
3215,1,chr20,958300,1,C,"G,,",1
3216,1,chr20,958487,1,T,"A,,",1
3217,1,chr20,958518,1,A,"G,,",1
3218,1,chr20,958523,1,A,"G,,",1
3219,1,chr20,958880,1,C,"T,,",1
3220,1,chr20,958896,0,,,0
3221,1,chr20,959012,0,,,0
3222,1,chr20,959013,0,,,0
3223,1,chr20,959037,0,,,0
3224,1,chr20,959041,0,,,0
3225,0,chr20,959171,1,A,"G,,",1
3226,1,chr20,959315,1,A,"G,,",1
3227,1,chr20,959544,0,,,0
3228,1,chr20,959563,1,C,"G,,",1
3229,1,chr20,959871,1,T,"C,,",1
3230,1,chr20,960514,1,,,0
3231,1,chr20,960574,0,,,0
3232,1,chr20,960669,1,G,"T,,",1
3233,1,chr20,960696,0,,,0
3234,1,chr20,960776,1,C,"A,,",1
3235,1,chr20,960856,1,A,"G,,",1
3236,1,chr20,961022,1,C,"G,,",1
3237,1,chr20,961081,2,G,"T,,",2
3238,1,chr20,961146,0,,,0
3239,1,chr20,961455,1,C,"T,,",1
3240,1,chr20,961586,0,,,0
3241,1,chr20,961789,1,C,"T,,",1
3242,1,chr20,961809,1,A,"C,,",1
3243,1,chr20,962027,1,T,"G,,",1
3244,1,chr20,962133,0,,,0
3245,1,chr20,962140,1,G,"C,,",1
3246,1,chr20,962337,0,,,0
3247,1,chr20,962739,1,G,"C,,",1
3248,1,chr20,962818,1,C,"T,,",1
3249,1,chr20,963201,0,,,0
3250,1,chr20,963203,0,,,0
3251,1,chr20,963204,0,,,0
3252,1,chr20,964006,1,T,"G,,",1
3253,1,chr20,964029,0,,,0
3254,1,chr20,964290,0,,,0
3255,1,chr20,964368,1,G,"C,,",1
3256,1,chr20,964461,1,C,"T,,",1
3257,1,chr20,964587,1,T,"G,,",1
3258,0,chr20,964681,1,T,"C,,",1
3259,0,chr20,964779,0,,,
3260,1,chr20,965264,0,,,0
3261,1,chr20,965278,0,,,0
3262,1,chr20,965299,0,,,0
3263,1,chr20,965654,1,C,"G,,",1
3264,1,chr20,965660,1,A,"G,,",1
3265,1,chr20,965819,1,T,"C,,",1
3266,1,chr20,965855,1,G,"C,,",1
3267,1,chr20,966123,1,A,"T,,",1
3268,1,chr20,966156,1,G,"A,,",1
3269,1,chr20,966208,0,,,0
3270,1,chr20,966262,0,,,0
3271,1,chr20,966453,1,,,0
3272,1,chr20,966507,1,C,"T,,",1
3273,1,chr20,966538,0,,,0
3274,1,chr20,966641,0,,,0
3275,1,chr20,966840,1,T,"C,,",1
3276,1,chr20,966920,0,,,0
3277,1,chr20,967156,1,,,0
3278,1,chr20,967796,0,,,0
3279,1,chr20,967797,0,,,0
3280,1,chr20,967947,1,,,0
3281,1,chr20,969131,1,,,0
3282,1,chr20,969498,0,,,0
3283,1,chr20,969949,0,,,0
3284,1,chr20,970967,0,,,0
3285,1,chr20,971187,0,,,0
3286,1,chr20,971192,1,C,"T,,",1
3287,1,chr20,971309,1,A,"T,,",1
3288,1,chr20,971575,1,C,"T,,",1
3289,1,chr20,971587,0,,,0
3290,1,chr20,971873,0,,,0
3291,1,chr20,972263,2,A,"G,,",2
3292,1,chr20,972280,0,,,0
3293,1,chr20,972407,2,T,"C,,",2
3294,1,chr20,972507,1,G,"T,,",1
3295,1,chr20,972633,2,G,"A,,",2
3296,1,chr20,972877,2,T,"C,,",2
3297,1,chr20,972959,2,A,"C,,",2
3298,1,chr20,973575,0,,,0
3299,1,chr20,973633,2,T,"C,,",2
3300,1,chr20,974110,1,G,"A,,",1
3301,1,chr20,974518,0,,,0
3302,1,chr20,974769,2,T,"C,,",2
3303,1,chr20,974915,0,,,0
3304,1,chr20,975693,1,C,"G,,",1
3305,1,chr20,976042,2,C,"T,,",2
3306,1,chr20,976473,0,,,0
3307,1,chr20,976694,1,C,"T,,",1
3308,1,chr20,977237,1,G,"A,,",1
3309,1,chr20,977560,0,,,0
3310,1,chr20,977764,1,A,"C,,",1
3311,1,chr20,977929,1,,,0
3312,1,chr20,978545,0,,,0
3313,1,chr20,978547,0,,,0
3314,1,chr20,978596,0,,,0
3315,1,chr20,978696,1,A,"G,,",1
3316,1,chr20,979248,1,C,"T,,",1
3317,1,chr20,980097,0,,,0
3318,1,chr20,980145,1,A,"G,,",1
3319,1,chr20,980529,0,,,0
3320,1,chr20,980577,1,T,"C,,",1
3321,1,chr20,980605,0,,,0
3322,1,chr20,980652,1,G,"A,,",1
3323,1,chr20,980884,1,A,"C,,",1
3324,1,chr20,981009,0,,,0
3325,1,chr20,981108,1,G,"A,,",1
3326,1,chr20,981138,1,G,"A,,",1
3327,1,chr20,982154,0,,,0
3328,1,chr20,982653,1,,,0
3329,1,chr20,982680,0,,,0
3330,1,chr20,982815,0,,,0
3331,1,chr20,983652,0,,,0
3332,1,chr20,983758,0,,,0
3333,1,chr20,984210,0,,,0
3334,1,chr20,984392,0,,,0
3335,1,chr20,985391,0,,,0
3336,1,chr20,986245,0,,,0
3337,1,chr20,986404,0,,,0
3338,1,chr20,989208,1,,,0
3339,1,chr20,989256,0,,,0
3340,1,chr20,989401,0,,,0
3341,1,chr20,990421,1,A,"G,,",1
3342,1,chr20,990680,1,,,0
3343,1,chr20,991004,0,,,0
3344,1,chr20,991150,1,G,"A,,",1
3345,1,chr20,991319,1,G,"T,,",1
3346,1,chr20,992056,1,,,0
3347,1,chr20,992075,0,,,0
3348,1,chr20,992088,0,,,0
3349,1,chr20,992091,1,T,"C,,",1
3350,0,chr20,992288,1,,,
3351,1,chr20,992532,1,T,"C,,",1
3352,1,chr20,992797,1,T,"C,,",1
3353,1,chr20,993026,1,A,"G,,",1
3354,1,chr20,993059,1,T,"C,,",1
3355,1,chr20,993336,1,,,0
3356,1,chr20,993443,1,G,"A,,",1
3357,1,chr20,993795,1,T,"C,,",1
3358,1,chr20,993846,1,C,"T,,",1
3359,1,chr20,993854,1,G,"A,,",1
3360,1,chr20,993856,1,G,"T,,",1
3361,1,chr20,994205,0,,,0
3362,1,chr20,994379,2,C,"T,,",2
3363,1,chr20,994584,1,T,"C,,",1
3364,1,chr20,994605,1,A,"G,,",1
3365,1,chr20,994715,0,,,0
3366,1,chr20,995285,0,,,0
3367,1,chr20,995521,0,,,0
3368,1,chr20,995524,0,,,0
3369,1,chr20,996521,1,A,"G,,",1
3370,1,chr20,997327,0,,,0
3371,1,chr20,997436,0,,,0
3372,1,chr20,997741,0,,,0
3373,1,chr20,998082,0,,,0
3374,1,chr20,998526,0,,,0
3375,1,chr20,999036,0,,,0
3376,1,chr20,999077,1,T,"C,,",1
3377,1,chr20,999283,0,,,0
3378,1,chr20,999502,0,,,0
